duracao,ciclo,faixa_etaria,cronico,composicao_titular,especialidade,uso,total_contratos,churners,churn_rate
12,1o,00-20,N,com_crianca,CM_presencial,usou,40,26,65.0
12,1o,00-20,N,com_idoso,CM_presencial,usou,37,21,56.8
12,1o,00-20,N,solo,CM_presencial,nao_usou,81,64,79.0
12,1o,00-20,N,solo,CM_presencial,usou,124,95,76.6
12,1o,21-30,N,com_ambos,CM_presencial,nao_usou,69,47,68.1
12,1o,21-30,N,com_ambos,CM_presencial,usou,236,151,64.0
12,1o,21-30,N,com_crianca,CM_presencial,nao_usou,327,233,71.3
12,1o,21-30,N,com_crianca,CM_presencial,usou,892,634,71.1
12,1o,21-30,N,com_idoso,CM_presencial,nao_usou,248,160,64.5
12,1o,21-30,N,com_idoso,CM_presencial,usou,798,494,61.9
12,1o,21-30,N,solo,CM_presencial,nao_usou,1219,940,77.1
12,1o,21-30,N,solo,CM_presencial,usou,2621,1878,71.7
12,1o,21-30,S,com_idoso,CM_presencial,usou,46,19,41.3
12,1o,21-30,S,solo,CM_presencial,nao_usou,30,20,66.7
12,1o,21-30,S,solo,CM_presencial,usou,66,51,77.3
12,1o,31-50,N,com_ambos,CM_presencial,nao_usou,660,390,59.1
12,1o,31-50,N,com_ambos,CM_presencial,usou,1989,1192,59.9
12,1o,31-50,N,com_crianca,CM_presencial,nao_usou,1565,1060,67.7
12,1o,31-50,N,com_crianca,CM_presencial,usou,4077,2590,63.5
12,1o,31-50,N,com_idoso,CM_presencial,nao_usou,1109,679,61.2
12,1o,31-50,N,com_idoso,CM_presencial,usou,3225,1933,59.9
12,1o,31-50,N,solo,CM_presencial,nao_usou,2647,1837,69.4
12,1o,31-50,N,solo,CM_presencial,usou,5412,3661,67.6
12,1o,31-50,S,com_ambos,CM_presencial,nao_usou,78,44,56.4
12,1o,31-50,S,com_ambos,CM_presencial,usou,302,173,57.3
12,1o,31-50,S,com_crianca,CM_presencial,nao_usou,157,86,54.8
12,1o,31-50,S,com_crianca,CM_presencial,usou,519,298,57.4
12,1o,31-50,S,com_idoso,CM_presencial,nao_usou,120,63,52.5
12,1o,31-50,S,com_idoso,CM_presencial,usou,435,245,56.3
12,1o,31-50,S,solo,CM_presencial,nao_usou,255,180,70.6
12,1o,31-50,S,solo,CM_presencial,usou,767,495,64.5
12,1o,51-70,N,com_ambos,CM_presencial,nao_usou,318,181,56.9
12,1o,51-70,N,com_ambos,CM_presencial,usou,1030,545,52.9
12,1o,51-70,N,com_crianca,CM_presencial,nao_usou,565,314,55.6
12,1o,51-70,N,com_crianca,CM_presencial,usou,1452,828,57.0
12,1o,51-70,N,com_idoso,CM_presencial,nao_usou,1264,722,57.1
12,1o,51-70,N,com_idoso,CM_presencial,usou,3554,1906,53.6
12,1o,51-70,N,solo,CM_presencial,nao_usou,2077,1336,64.3
12,1o,51-70,N,solo,CM_presencial,usou,4316,2540,58.9
12,1o,51-70,S,com_ambos,CM_presencial,nao_usou,101,57,56.4
12,1o,51-70,S,com_ambos,CM_presencial,usou,457,229,50.1
12,1o,51-70,S,com_crianca,CM_presencial,nao_usou,160,84,52.5
12,1o,51-70,S,com_crianca,CM_presencial,usou,573,306,53.4
12,1o,51-70,S,com_idoso,CM_presencial,nao_usou,432,241,55.8
12,1o,51-70,S,com_idoso,CM_presencial,usou,1599,826,51.7
12,1o,51-70,S,solo,CM_presencial,nao_usou,662,415,62.7
12,1o,51-70,S,solo,CM_presencial,usou,1970,1108,56.2
12,1o,71+,N,com_ambos,CM_presencial,nao_usou,58,32,55.2
12,1o,71+,N,com_ambos,CM_presencial,usou,191,98,51.3
12,1o,71+,N,com_crianca,CM_presencial,nao_usou,59,39,66.1
12,1o,71+,N,com_crianca,CM_presencial,usou,171,94,55.0
12,1o,71+,N,com_idoso,CM_presencial,nao_usou,360,186,51.7
12,1o,71+,N,com_idoso,CM_presencial,usou,985,549,55.7
12,1o,71+,N,solo,CM_presencial,nao_usou,421,283,67.2
12,1o,71+,N,solo,CM_presencial,usou,941,561,59.6
12,1o,71+,S,com_ambos,CM_presencial,usou,127,57,44.9
12,1o,71+,S,com_crianca,CM_presencial,usou,116,66,56.9
12,1o,71+,S,com_idoso,CM_presencial,nao_usou,161,81,50.3
12,1o,71+,S,com_idoso,CM_presencial,usou,598,315,52.7
12,1o,71+,S,solo,CM_presencial,nao_usou,227,131,57.7
12,1o,71+,S,solo,CM_presencial,usou,626,366,58.5
12,2o+,00-20,N,solo,CM_presencial,nao_usou,82,44,53.7
12,2o+,21-30,N,com_ambos,CM_presencial,nao_usou,127,71,55.9
12,2o+,21-30,N,com_crianca,CM_presencial,nao_usou,307,178,58.0
12,2o+,21-30,N,com_idoso,CM_presencial,nao_usou,429,245,57.1
12,2o+,21-30,N,solo,CM_presencial,nao_usou,922,578,62.7
12,2o+,21-30,S,solo,CM_presencial,nao_usou,42,25,59.5
12,2o+,31-50,N,com_ambos,CM_presencial,nao_usou,1595,893,56.0
12,2o+,31-50,N,com_crianca,CM_presencial,nao_usou,2196,1279,58.2
12,2o+,31-50,N,com_idoso,CM_presencial,nao_usou,2437,1262,51.8
12,2o+,31-50,N,solo,CM_presencial,nao_usou,2902,1756,60.5
12,2o+,31-50,S,com_ambos,CM_presencial,nao_usou,279,143,51.3
12,2o+,31-50,S,com_crianca,CM_presencial,nao_usou,388,211,54.4
12,2o+,31-50,S,com_idoso,CM_presencial,nao_usou,422,200,47.4
12,2o+,31-50,S,solo,CM_presencial,nao_usou,493,287,58.2
12,2o+,51-70,N,com_ambos,CM_presencial,nao_usou,986,506,51.3
12,2o+,51-70,N,com_crianca,CM_presencial,nao_usou,1180,649,55.0
12,2o+,51-70,N,com_idoso,CM_presencial,nao_usou,3425,1705,49.8
12,2o+,51-70,N,solo,CM_presencial,nao_usou,3244,1864,57.5
12,2o+,51-70,S,com_ambos,CM_presencial,nao_usou,547,242,44.2
12,2o+,51-70,S,com_crianca,CM_presencial,nao_usou,589,291,49.4
12,2o+,51-70,S,com_idoso,CM_presencial,nao_usou,1916,894,46.7
12,2o+,51-70,S,solo,CM_presencial,nao_usou,1903,1012,53.2
12,2o+,71+,N,com_ambos,CM_presencial,nao_usou,189,95,50.3
12,2o+,71+,N,com_crianca,CM_presencial,nao_usou,168,103,61.3
12,2o+,71+,N,com_idoso,CM_presencial,nao_usou,1046,534,51.1
12,2o+,71+,N,solo,CM_presencial,nao_usou,913,524,57.4
12,2o+,71+,S,com_ambos,CM_presencial,nao_usou,154,73,47.4
12,2o+,71+,S,com_crianca,CM_presencial,nao_usou,133,54,40.6
12,2o+,71+,S,com_idoso,CM_presencial,nao_usou,727,344,47.3
12,2o+,71+,S,solo,CM_presencial,nao_usou,651,353,54.2
12,1o,00-20,N,com_crianca,CM_tele,nao_usou,40,29,72.5
12,1o,00-20,N,com_idoso,CM_tele,nao_usou,38,25,65.8
12,1o,00-20,N,solo,CM_tele,nao_usou,177,139,78.5
12,1o,21-30,N,com_ambos,CM_tele,nao_usou,208,138,66.3
12,1o,21-30,N,com_ambos,CM_tele,usou,97,60,61.9
12,1o,21-30,N,com_crianca,CM_tele,nao_usou,827,596,72.1
12,1o,21-30,N,com_crianca,CM_tele,usou,392,271,69.1
12,1o,21-30,N,com_idoso,CM_tele,nao_usou,635,398,62.7
12,1o,21-30,N,com_idoso,CM_tele,usou,411,256,62.3
12,1o,21-30,N,solo,CM_tele,nao_usou,2427,1793,73.9
12,1o,21-30,N,solo,CM_tele,usou,1413,1025,72.5
12,1o,21-30,S,solo,CM_tele,nao_usou,61,46,75.4
12,1o,21-30,S,solo,CM_tele,usou,35,25,71.4
12,1o,31-50,N,com_ambos,CM_tele,nao_usou,1911,1113,58.2
12,1o,31-50,N,com_ambos,CM_tele,usou,738,469,63.6
12,1o,31-50,N,com_crianca,CM_tele,nao_usou,4296,2760,64.2
12,1o,31-50,N,com_crianca,CM_tele,usou,1346,890,66.1
12,1o,31-50,N,com_idoso,CM_tele,nao_usou,2926,1743,59.6
12,1o,31-50,N,com_idoso,CM_tele,usou,1408,869,61.7
12,1o,31-50,N,solo,CM_tele,nao_usou,5706,3873,67.9
12,1o,31-50,N,solo,CM_tele,usou,2353,1625,69.1
12,1o,31-50,S,com_ambos,CM_tele,nao_usou,251,139,55.4
12,1o,31-50,S,com_ambos,CM_tele,usou,129,78,60.5
12,1o,31-50,S,com_crianca,CM_tele,nao_usou,503,276,54.9
12,1o,31-50,S,com_crianca,CM_tele,usou,173,108,62.4
12,1o,31-50,S,com_idoso,CM_tele,nao_usou,368,205,55.7
12,1o,31-50,S,com_idoso,CM_tele,usou,187,103,55.1
12,1o,31-50,S,solo,CM_tele,nao_usou,712,471,66.2
12,1o,31-50,S,solo,CM_tele,usou,310,204,65.8
12,1o,51-70,N,com_ambos,CM_tele,nao_usou,1051,559,53.2
12,1o,51-70,N,com_ambos,CM_tele,usou,297,167,56.2
12,1o,51-70,N,com_crianca,CM_tele,nao_usou,1605,897,55.9
12,1o,51-70,N,com_crianca,CM_tele,usou,412,245,59.5
12,1o,51-70,N,com_idoso,CM_tele,nao_usou,3795,2062,54.3
12,1o,51-70,N,com_idoso,CM_tele,usou,1023,566,55.3
12,1o,51-70,N,solo,CM_tele,nao_usou,5285,3206,60.7
12,1o,51-70,N,solo,CM_tele,usou,1108,670,60.5
12,1o,51-70,S,com_ambos,CM_tele,nao_usou,390,199,51.0
12,1o,51-70,S,com_ambos,CM_tele,usou,168,87,51.8
12,1o,51-70,S,com_crianca,CM_tele,nao_usou,553,297,53.7
12,1o,51-70,S,com_crianca,CM_tele,usou,180,93,51.7
12,1o,51-70,S,com_idoso,CM_tele,nao_usou,1535,793,51.7
12,1o,51-70,S,com_idoso,CM_tele,usou,496,274,55.2
12,1o,51-70,S,solo,CM_tele,nao_usou,2158,1253,58.1
12,1o,51-70,S,solo,CM_tele,usou,474,270,57.0
12,1o,71+,N,com_ambos,CM_tele,nao_usou,205,107,52.2
12,1o,71+,N,com_ambos,CM_tele,usou,44,23,52.3
12,1o,71+,N,com_crianca,CM_tele,nao_usou,186,115,61.8
12,1o,71+,N,com_crianca,CM_tele,usou,44,18,40.9
12,1o,71+,N,com_idoso,CM_tele,nao_usou,1147,626,54.6
12,1o,71+,N,com_idoso,CM_tele,usou,198,109,55.1
12,1o,71+,N,solo,CM_tele,nao_usou,1182,728,61.6
12,1o,71+,N,solo,CM_tele,usou,180,116,64.4
12,1o,71+,S,com_ambos,CM_tele,nao_usou,124,55,44.4
12,1o,71+,S,com_crianca,CM_tele,nao_usou,113,57,50.4
12,1o,71+,S,com_crianca,CM_tele,usou,31,18,58.1
12,1o,71+,S,com_idoso,CM_tele,nao_usou,643,334,51.9
12,1o,71+,S,com_idoso,CM_tele,usou,116,62,53.4
12,1o,71+,S,solo,CM_tele,nao_usou,737,429,58.2
12,1o,71+,S,solo,CM_tele,usou,116,68,58.6
12,2o+,00-20,N,solo,CM_tele,nao_usou,82,44,53.7
12,2o+,21-30,N,com_ambos,CM_tele,nao_usou,127,71,55.9
12,2o+,21-30,N,com_crianca,CM_tele,nao_usou,307,178,58.0
12,2o+,21-30,N,com_idoso,CM_tele,nao_usou,429,245,57.1
12,2o+,21-30,N,solo,CM_tele,nao_usou,922,578,62.7
12,2o+,21-30,S,solo,CM_tele,nao_usou,42,25,59.5
12,2o+,31-50,N,com_ambos,CM_tele,nao_usou,1595,893,56.0
12,2o+,31-50,N,com_crianca,CM_tele,nao_usou,2196,1279,58.2
12,2o+,31-50,N,com_idoso,CM_tele,nao_usou,2437,1262,51.8
12,2o+,31-50,N,solo,CM_tele,nao_usou,2902,1756,60.5
12,2o+,31-50,S,com_ambos,CM_tele,nao_usou,279,143,51.3
12,2o+,31-50,S,com_crianca,CM_tele,nao_usou,388,211,54.4
12,2o+,31-50,S,com_idoso,CM_tele,nao_usou,422,200,47.4
12,2o+,31-50,S,solo,CM_tele,nao_usou,493,287,58.2
12,2o+,51-70,N,com_ambos,CM_tele,nao_usou,986,506,51.3
12,2o+,51-70,N,com_crianca,CM_tele,nao_usou,1180,649,55.0
12,2o+,51-70,N,com_idoso,CM_tele,nao_usou,3425,1705,49.8
12,2o+,51-70,N,solo,CM_tele,nao_usou,3244,1864,57.5
12,2o+,51-70,S,com_ambos,CM_tele,nao_usou,547,242,44.2
12,2o+,51-70,S,com_crianca,CM_tele,nao_usou,589,291,49.4
12,2o+,51-70,S,com_idoso,CM_tele,nao_usou,1916,894,46.7
12,2o+,51-70,S,solo,CM_tele,nao_usou,1903,1012,53.2
12,2o+,71+,N,com_ambos,CM_tele,nao_usou,189,95,50.3
12,2o+,71+,N,com_crianca,CM_tele,nao_usou,168,103,61.3
12,2o+,71+,N,com_idoso,CM_tele,nao_usou,1046,534,51.1
12,2o+,71+,N,solo,CM_tele,nao_usou,913,524,57.4
12,2o+,71+,S,com_ambos,CM_tele,nao_usou,154,73,47.4
12,2o+,71+,S,com_crianca,CM_tele,nao_usou,133,54,40.6
12,2o+,71+,S,com_idoso,CM_tele,nao_usou,727,344,47.3
12,2o+,71+,S,solo,CM_tele,nao_usou,651,353,54.2
12,1o,00-20,N,com_crianca,cardiologia,nao_usou,46,30,65.2
12,1o,00-20,N,com_idoso,cardiologia,nao_usou,47,30,63.8
12,1o,00-20,N,solo,cardiologia,nao_usou,198,153,77.3
12,1o,21-30,N,com_ambos,cardiologia,nao_usou,256,166,64.8
12,1o,21-30,N,com_ambos,cardiologia,usou,49,32,65.3
12,1o,21-30,N,com_crianca,cardiologia,nao_usou,1129,799,70.8
12,1o,21-30,N,com_crianca,cardiologia,usou,90,68,75.6
12,1o,21-30,N,com_idoso,cardiologia,nao_usou,882,558,63.3
12,1o,21-30,N,com_idoso,cardiologia,usou,164,96,58.5
12,1o,21-30,N,solo,cardiologia,nao_usou,3629,2674,73.7
12,1o,21-30,N,solo,cardiologia,usou,211,144,68.2
12,1o,21-30,S,com_idoso,cardiologia,nao_usou,32,16,50.0
12,1o,21-30,S,solo,cardiologia,nao_usou,76,57,75.0
12,1o,31-50,N,com_ambos,cardiologia,nao_usou,2230,1343,60.2
12,1o,31-50,N,com_ambos,cardiologia,usou,419,239,57.0
12,1o,31-50,N,com_crianca,cardiologia,nao_usou,5175,3384,65.4
12,1o,31-50,N,com_crianca,cardiologia,usou,467,266,57.0
12,1o,31-50,N,com_idoso,cardiologia,nao_usou,3539,2141,60.5
12,1o,31-50,N,com_idoso,cardiologia,usou,795,471,59.2
12,1o,31-50,N,solo,cardiologia,nao_usou,7498,5131,68.4
12,1o,31-50,N,solo,cardiologia,usou,561,367,65.4
12,1o,31-50,S,com_ambos,cardiologia,nao_usou,249,143,57.4
12,1o,31-50,S,com_ambos,cardiologia,usou,131,74,56.5
12,1o,31-50,S,com_crianca,cardiologia,nao_usou,486,270,55.6
12,1o,31-50,S,com_crianca,cardiologia,usou,190,114,60.0
12,1o,31-50,S,com_idoso,cardiologia,nao_usou,342,189,55.3
12,1o,31-50,S,com_idoso,cardiologia,usou,213,119,55.9
12,1o,31-50,S,solo,cardiologia,nao_usou,732,484,66.1
12,1o,31-50,S,solo,cardiologia,usou,290,191,65.9
12,1o,51-70,N,com_ambos,cardiologia,nao_usou,1116,615,55.1
12,1o,51-70,N,com_ambos,cardiologia,usou,232,111,47.8
12,1o,51-70,N,com_crianca,cardiologia,nao_usou,1805,1027,56.9
12,1o,51-70,N,com_crianca,cardiologia,usou,212,115,54.2
12,1o,51-70,N,com_idoso,cardiologia,nao_usou,3932,2168,55.1
12,1o,51-70,N,com_idoso,cardiologia,usou,886,460,51.9
12,1o,51-70,N,solo,cardiologia,nao_usou,5755,3509,61.0
12,1o,51-70,N,solo,cardiologia,usou,638,367,57.5
12,1o,51-70,S,com_ambos,cardiologia,nao_usou,356,182,51.1
12,1o,51-70,S,com_ambos,cardiologia,usou,202,104,51.5
12,1o,51-70,S,com_crianca,cardiologia,nao_usou,495,258,52.1
12,1o,51-70,S,com_crianca,cardiologia,usou,238,132,55.5
12,1o,51-70,S,com_idoso,cardiologia,nao_usou,1258,679,54.0
12,1o,51-70,S,com_idoso,cardiologia,usou,773,388,50.2
12,1o,51-70,S,solo,cardiologia,nao_usou,1826,1075,58.9
12,1o,51-70,S,solo,cardiologia,usou,806,448,55.6
12,1o,71+,N,com_ambos,cardiologia,nao_usou,200,109,54.5
12,1o,71+,N,com_ambos,cardiologia,usou,49,21,42.9
12,1o,71+,N,com_crianca,cardiologia,nao_usou,201,117,58.2
12,1o,71+,N,com_idoso,cardiologia,nao_usou,1061,567,53.4
12,1o,71+,N,com_idoso,cardiologia,usou,284,168,59.2
12,1o,71+,N,solo,cardiologia,nao_usou,1197,736,61.5
12,1o,71+,N,solo,cardiologia,usou,165,108,65.5
12,1o,71+,S,com_ambos,cardiologia,nao_usou,83,38,45.8
12,1o,71+,S,com_ambos,cardiologia,usou,70,31,44.3
12,1o,71+,S,com_crianca,cardiologia,nao_usou,90,47,52.2
12,1o,71+,S,com_crianca,cardiologia,usou,54,28,51.9
12,1o,71+,S,com_idoso,cardiologia,nao_usou,462,244,52.8
12,1o,71+,S,com_idoso,cardiologia,usou,297,152,51.2
12,1o,71+,S,solo,cardiologia,nao_usou,549,330,60.1
12,1o,71+,S,solo,cardiologia,usou,304,167,54.9
12,2o+,00-20,N,solo,cardiologia,nao_usou,82,44,53.7
12,2o+,21-30,N,com_ambos,cardiologia,nao_usou,127,71,55.9
12,2o+,21-30,N,com_crianca,cardiologia,nao_usou,307,178,58.0
12,2o+,21-30,N,com_idoso,cardiologia,nao_usou,429,245,57.1
12,2o+,21-30,N,solo,cardiologia,nao_usou,922,578,62.7
12,2o+,21-30,S,solo,cardiologia,nao_usou,42,25,59.5
12,2o+,31-50,N,com_ambos,cardiologia,nao_usou,1595,893,56.0
12,2o+,31-50,N,com_crianca,cardiologia,nao_usou,2196,1279,58.2
12,2o+,31-50,N,com_idoso,cardiologia,nao_usou,2437,1262,51.8
12,2o+,31-50,N,solo,cardiologia,nao_usou,2902,1756,60.5
12,2o+,31-50,S,com_ambos,cardiologia,nao_usou,279,143,51.3
12,2o+,31-50,S,com_crianca,cardiologia,nao_usou,388,211,54.4
12,2o+,31-50,S,com_idoso,cardiologia,nao_usou,422,200,47.4
12,2o+,31-50,S,solo,cardiologia,nao_usou,493,287,58.2
12,2o+,51-70,N,com_ambos,cardiologia,nao_usou,986,506,51.3
12,2o+,51-70,N,com_crianca,cardiologia,nao_usou,1180,649,55.0
12,2o+,51-70,N,com_idoso,cardiologia,nao_usou,3425,1705,49.8
12,2o+,51-70,N,solo,cardiologia,nao_usou,3244,1864,57.5
12,2o+,51-70,S,com_ambos,cardiologia,nao_usou,547,242,44.2
12,2o+,51-70,S,com_crianca,cardiologia,nao_usou,589,291,49.4
12,2o+,51-70,S,com_idoso,cardiologia,nao_usou,1916,894,46.7
12,2o+,51-70,S,solo,cardiologia,nao_usou,1903,1012,53.2
12,2o+,71+,N,com_ambos,cardiologia,nao_usou,189,95,50.3
12,2o+,71+,N,com_crianca,cardiologia,nao_usou,168,103,61.3
12,2o+,71+,N,com_idoso,cardiologia,nao_usou,1046,534,51.1
12,2o+,71+,N,solo,cardiologia,nao_usou,913,524,57.4
12,2o+,71+,S,com_ambos,cardiologia,nao_usou,154,73,47.4
12,2o+,71+,S,com_crianca,cardiologia,nao_usou,133,54,40.6
12,2o+,71+,S,com_idoso,cardiologia,nao_usou,727,344,47.3
12,2o+,71+,S,solo,cardiologia,nao_usou,651,353,54.2
12,1o,00-20,N,com_crianca,clinica_medica,nao_usou,33,23,69.7
12,1o,00-20,N,com_idoso,clinica_medica,nao_usou,34,22,64.7
12,1o,00-20,N,solo,clinica_medica,nao_usou,166,128,77.1
12,1o,00-20,N,solo,clinica_medica,usou,39,31,79.5
12,1o,21-30,N,com_ambos,clinica_medica,nao_usou,183,117,63.9
12,1o,21-30,N,com_ambos,clinica_medica,usou,122,81,66.4
12,1o,21-30,N,com_crianca,clinica_medica,nao_usou,773,558,72.2
12,1o,21-30,N,com_crianca,clinica_medica,usou,446,309,69.3
12,1o,21-30,N,com_idoso,clinica_medica,nao_usou,544,342,62.9
12,1o,21-30,N,com_idoso,clinica_medica,usou,502,312,62.2
12,1o,21-30,N,solo,clinica_medica,nao_usou,2383,1770,74.3
12,1o,21-30,N,solo,clinica_medica,usou,1457,1048,71.9
12,1o,21-30,S,solo,clinica_medica,nao_usou,51,36,70.6
12,1o,21-30,S,solo,clinica_medica,usou,45,35,77.8
12,1o,31-50,N,com_ambos,clinica_medica,nao_usou,1665,1006,60.4
12,1o,31-50,N,com_ambos,clinica_medica,usou,984,576,58.5
12,1o,31-50,N,com_crianca,clinica_medica,nao_usou,3824,2490,65.1
12,1o,31-50,N,com_crianca,clinica_medica,usou,1818,1160,63.8
12,1o,31-50,N,com_idoso,clinica_medica,nao_usou,2669,1607,60.2
12,1o,31-50,N,com_idoso,clinica_medica,usou,1665,1005,60.4
12,1o,31-50,N,solo,clinica_medica,nao_usou,5528,3783,68.4
12,1o,31-50,N,solo,clinica_medica,usou,2531,1715,67.8
12,1o,31-50,S,com_ambos,clinica_medica,nao_usou,197,116,58.9
12,1o,31-50,S,com_ambos,clinica_medica,usou,183,101,55.2
12,1o,31-50,S,com_crianca,clinica_medica,nao_usou,388,218,56.2
12,1o,31-50,S,com_crianca,clinica_medica,usou,288,166,57.6
12,1o,31-50,S,com_idoso,clinica_medica,nao_usou,290,173,59.7
12,1o,31-50,S,com_idoso,clinica_medica,usou,265,135,50.9
12,1o,31-50,S,solo,clinica_medica,nao_usou,601,402,66.9
12,1o,31-50,S,solo,clinica_medica,usou,421,273,64.8
12,1o,51-70,N,com_ambos,clinica_medica,nao_usou,883,466,52.8
12,1o,51-70,N,com_ambos,clinica_medica,usou,465,260,55.9
12,1o,51-70,N,com_crianca,clinica_medica,nao_usou,1398,795,56.9
12,1o,51-70,N,com_crianca,clinica_medica,usou,619,347,56.1
12,1o,51-70,N,com_idoso,clinica_medica,nao_usou,3260,1772,54.4
12,1o,51-70,N,com_idoso,clinica_medica,usou,1558,856,54.9
12,1o,51-70,N,solo,clinica_medica,nao_usou,4750,2916,61.4
12,1o,51-70,N,solo,clinica_medica,usou,1643,960,58.4
12,1o,51-70,S,com_ambos,clinica_medica,nao_usou,280,143,51.1
12,1o,51-70,S,com_ambos,clinica_medica,usou,278,143,51.4
12,1o,51-70,S,com_crianca,clinica_medica,nao_usou,398,202,50.8
12,1o,51-70,S,com_crianca,clinica_medica,usou,335,188,56.1
12,1o,51-70,S,com_idoso,clinica_medica,nao_usou,1152,627,54.4
12,1o,51-70,S,com_idoso,clinica_medica,usou,879,440,50.1
12,1o,51-70,S,solo,clinica_medica,nao_usou,1671,988,59.1
12,1o,51-70,S,solo,clinica_medica,usou,961,535,55.7
12,1o,71+,N,com_ambos,clinica_medica,nao_usou,165,90,54.5
12,1o,71+,N,com_ambos,clinica_medica,usou,84,40,47.6
12,1o,71+,N,com_crianca,clinica_medica,nao_usou,164,94,57.3
12,1o,71+,N,com_crianca,clinica_medica,usou,66,39,59.1
12,1o,71+,N,com_idoso,clinica_medica,nao_usou,940,491,52.2
12,1o,71+,N,com_idoso,clinica_medica,usou,405,244,60.2
12,1o,71+,N,solo,clinica_medica,nao_usou,1054,652,61.9
12,1o,71+,N,solo,clinica_medica,usou,308,192,62.3
12,1o,71+,S,com_ambos,clinica_medica,nao_usou,93,44,47.3
12,1o,71+,S,com_ambos,clinica_medica,usou,60,25,41.7
12,1o,71+,S,com_crianca,clinica_medica,nao_usou,84,40,47.6
12,1o,71+,S,com_crianca,clinica_medica,usou,60,35,58.3
12,1o,71+,S,com_idoso,clinica_medica,nao_usou,484,251,51.9
12,1o,71+,S,com_idoso,clinica_medica,usou,275,145,52.7
12,1o,71+,S,solo,clinica_medica,nao_usou,591,345,58.4
12,1o,71+,S,solo,clinica_medica,usou,262,152,58.0
12,2o+,00-20,N,solo,clinica_medica,nao_usou,82,44,53.7
12,2o+,21-30,N,com_ambos,clinica_medica,nao_usou,127,71,55.9
12,2o+,21-30,N,com_crianca,clinica_medica,nao_usou,307,178,58.0
12,2o+,21-30,N,com_idoso,clinica_medica,nao_usou,429,245,57.1
12,2o+,21-30,N,solo,clinica_medica,nao_usou,922,578,62.7
12,2o+,21-30,S,solo,clinica_medica,nao_usou,42,25,59.5
12,2o+,31-50,N,com_ambos,clinica_medica,nao_usou,1595,893,56.0
12,2o+,31-50,N,com_crianca,clinica_medica,nao_usou,2196,1279,58.2
12,2o+,31-50,N,com_idoso,clinica_medica,nao_usou,2437,1262,51.8
12,2o+,31-50,N,solo,clinica_medica,nao_usou,2902,1756,60.5
12,2o+,31-50,S,com_ambos,clinica_medica,nao_usou,279,143,51.3
12,2o+,31-50,S,com_crianca,clinica_medica,nao_usou,388,211,54.4
12,2o+,31-50,S,com_idoso,clinica_medica,nao_usou,422,200,47.4
12,2o+,31-50,S,solo,clinica_medica,nao_usou,493,287,58.2
12,2o+,51-70,N,com_ambos,clinica_medica,nao_usou,986,506,51.3
12,2o+,51-70,N,com_crianca,clinica_medica,nao_usou,1180,649,55.0
12,2o+,51-70,N,com_idoso,clinica_medica,nao_usou,3425,1705,49.8
12,2o+,51-70,N,solo,clinica_medica,nao_usou,3244,1864,57.5
12,2o+,51-70,S,com_ambos,clinica_medica,nao_usou,547,242,44.2
12,2o+,51-70,S,com_crianca,clinica_medica,nao_usou,589,291,49.4
12,2o+,51-70,S,com_idoso,clinica_medica,nao_usou,1916,894,46.7
12,2o+,51-70,S,solo,clinica_medica,nao_usou,1903,1012,53.2
12,2o+,71+,N,com_ambos,clinica_medica,nao_usou,189,95,50.3
12,2o+,71+,N,com_crianca,clinica_medica,nao_usou,168,103,61.3
12,2o+,71+,N,com_idoso,clinica_medica,nao_usou,1046,534,51.1
12,2o+,71+,N,solo,clinica_medica,nao_usou,913,524,57.4
12,2o+,71+,S,com_ambos,clinica_medica,nao_usou,154,73,47.4
12,2o+,71+,S,com_crianca,clinica_medica,nao_usou,133,54,40.6
12,2o+,71+,S,com_idoso,clinica_medica,nao_usou,727,344,47.3
12,2o+,71+,S,solo,clinica_medica,nao_usou,651,353,54.2
12,1o,00-20,N,com_crianca,dermatologia,nao_usou,37,27,73.0
12,1o,00-20,N,com_idoso,dermatologia,nao_usou,44,26,59.1
12,1o,00-20,N,solo,dermatologia,nao_usou,182,144,79.1
12,1o,21-30,N,com_ambos,dermatologia,nao_usou,240,160,66.7
12,1o,21-30,N,com_ambos,dermatologia,usou,65,38,58.5
12,1o,21-30,N,com_crianca,dermatologia,nao_usou,1001,707,70.6
12,1o,21-30,N,com_crianca,dermatologia,usou,218,160,73.4
12,1o,21-30,N,com_idoso,dermatologia,nao_usou,821,521,63.5
12,1o,21-30,N,com_idoso,dermatologia,usou,225,133,59.1
12,1o,21-30,N,solo,dermatologia,nao_usou,3261,2427,74.4
12,1o,21-30,N,solo,dermatologia,usou,579,391,67.5
12,1o,21-30,S,com_crianca,dermatologia,nao_usou,30,20,66.7
12,1o,21-30,S,com_idoso,dermatologia,nao_usou,42,18,42.9
12,1o,21-30,S,solo,dermatologia,nao_usou,78,57,73.1
12,1o,31-50,N,com_ambos,dermatologia,nao_usou,2173,1302,59.9
12,1o,31-50,N,com_ambos,dermatologia,usou,476,280,58.8
12,1o,31-50,N,com_crianca,dermatologia,nao_usou,4664,3021,64.8
12,1o,31-50,N,com_crianca,dermatologia,usou,978,629,64.3
12,1o,31-50,N,com_idoso,dermatologia,nao_usou,3614,2220,61.4
12,1o,31-50,N,com_idoso,dermatologia,usou,720,392,54.4
12,1o,31-50,N,solo,dermatologia,nao_usou,7168,4918,68.6
12,1o,31-50,N,solo,dermatologia,usou,891,580,65.1
12,1o,31-50,S,com_ambos,dermatologia,nao_usou,299,170,56.9
12,1o,31-50,S,com_ambos,dermatologia,usou,81,47,58.0
12,1o,31-50,S,com_crianca,dermatologia,nao_usou,542,304,56.1
12,1o,31-50,S,com_crianca,dermatologia,usou,134,80,59.7
12,1o,31-50,S,com_idoso,dermatologia,nao_usou,454,252,55.5
12,1o,31-50,S,com_idoso,dermatologia,usou,101,56,55.4
12,1o,31-50,S,solo,dermatologia,nao_usou,899,595,66.2
12,1o,31-50,S,solo,dermatologia,usou,123,80,65.0
12,1o,51-70,N,com_ambos,dermatologia,nao_usou,1075,589,54.8
12,1o,51-70,N,com_ambos,dermatologia,usou,273,137,50.2
12,1o,51-70,N,com_crianca,dermatologia,nao_usou,1665,930,55.9
12,1o,51-70,N,com_crianca,dermatologia,usou,352,212,60.2
12,1o,51-70,N,com_idoso,dermatologia,nao_usou,4009,2222,55.4
12,1o,51-70,N,com_idoso,dermatologia,usou,809,406,50.2
12,1o,51-70,N,solo,dermatologia,nao_usou,5642,3447,61.1
12,1o,51-70,N,solo,dermatologia,usou,751,429,57.1
12,1o,51-70,S,com_ambos,dermatologia,nao_usou,410,220,53.7
12,1o,51-70,S,com_ambos,dermatologia,usou,148,66,44.6
12,1o,51-70,S,com_crianca,dermatologia,nao_usou,571,312,54.6
12,1o,51-70,S,com_crianca,dermatologia,usou,162,78,48.1
12,1o,51-70,S,com_idoso,dermatologia,nao_usou,1603,842,52.5
12,1o,51-70,S,com_idoso,dermatologia,usou,428,225,52.6
12,1o,51-70,S,solo,dermatologia,nao_usou,2308,1359,58.9
12,1o,51-70,S,solo,dermatologia,usou,324,164,50.6
12,1o,71+,N,com_ambos,dermatologia,nao_usou,196,102,52.0
12,1o,71+,N,com_ambos,dermatologia,usou,53,28,52.8
12,1o,71+,N,com_crianca,dermatologia,nao_usou,196,115,58.7
12,1o,71+,N,com_crianca,dermatologia,usou,34,18,52.9
12,1o,71+,N,com_idoso,dermatologia,nao_usou,1119,602,53.8
12,1o,71+,N,com_idoso,dermatologia,usou,226,133,58.8
12,1o,71+,N,solo,dermatologia,nao_usou,1234,775,62.8
12,1o,71+,N,solo,dermatologia,usou,128,69,53.9
12,1o,71+,S,com_ambos,dermatologia,nao_usou,120,54,45.0
12,1o,71+,S,com_ambos,dermatologia,usou,33,15,45.5
12,1o,71+,S,com_crianca,dermatologia,nao_usou,113,54,47.8
12,1o,71+,S,com_crianca,dermatologia,usou,31,21,67.7
12,1o,71+,S,com_idoso,dermatologia,nao_usou,610,318,52.1
12,1o,71+,S,com_idoso,dermatologia,usou,149,78,52.3
12,1o,71+,S,solo,dermatologia,nao_usou,765,438,57.3
12,1o,71+,S,solo,dermatologia,usou,88,59,67.0
12,2o+,00-20,N,solo,dermatologia,nao_usou,82,44,53.7
12,2o+,21-30,N,com_ambos,dermatologia,nao_usou,127,71,55.9
12,2o+,21-30,N,com_crianca,dermatologia,nao_usou,307,178,58.0
12,2o+,21-30,N,com_idoso,dermatologia,nao_usou,429,245,57.1
12,2o+,21-30,N,solo,dermatologia,nao_usou,922,578,62.7
12,2o+,21-30,S,solo,dermatologia,nao_usou,42,25,59.5
12,2o+,31-50,N,com_ambos,dermatologia,nao_usou,1595,893,56.0
12,2o+,31-50,N,com_crianca,dermatologia,nao_usou,2196,1279,58.2
12,2o+,31-50,N,com_idoso,dermatologia,nao_usou,2437,1262,51.8
12,2o+,31-50,N,solo,dermatologia,nao_usou,2902,1756,60.5
12,2o+,31-50,S,com_ambos,dermatologia,nao_usou,279,143,51.3
12,2o+,31-50,S,com_crianca,dermatologia,nao_usou,388,211,54.4
12,2o+,31-50,S,com_idoso,dermatologia,nao_usou,422,200,47.4
12,2o+,31-50,S,solo,dermatologia,nao_usou,493,287,58.2
12,2o+,51-70,N,com_ambos,dermatologia,nao_usou,986,506,51.3
12,2o+,51-70,N,com_crianca,dermatologia,nao_usou,1180,649,55.0
12,2o+,51-70,N,com_idoso,dermatologia,nao_usou,3425,1705,49.8
12,2o+,51-70,N,solo,dermatologia,nao_usou,3244,1864,57.5
12,2o+,51-70,S,com_ambos,dermatologia,nao_usou,547,242,44.2
12,2o+,51-70,S,com_crianca,dermatologia,nao_usou,589,291,49.4
12,2o+,51-70,S,com_idoso,dermatologia,nao_usou,1916,894,46.7
12,2o+,51-70,S,solo,dermatologia,nao_usou,1903,1012,53.2
12,2o+,71+,N,com_ambos,dermatologia,nao_usou,189,95,50.3
12,2o+,71+,N,com_crianca,dermatologia,nao_usou,168,103,61.3
12,2o+,71+,N,com_idoso,dermatologia,nao_usou,1046,534,51.1
12,2o+,71+,N,solo,dermatologia,nao_usou,913,524,57.4
12,2o+,71+,S,com_ambos,dermatologia,nao_usou,154,73,47.4
12,2o+,71+,S,com_crianca,dermatologia,nao_usou,133,54,40.6
12,2o+,71+,S,com_idoso,dermatologia,nao_usou,727,344,47.3
12,2o+,71+,S,solo,dermatologia,nao_usou,651,353,54.2
12,1o,00-20,N,com_crianca,endocrinologia,nao_usou,48,32,66.7
12,1o,00-20,N,com_idoso,endocrinologia,nao_usou,48,29,60.4
12,1o,00-20,N,solo,endocrinologia,nao_usou,193,150,77.7
12,1o,21-30,N,com_ambos,endocrinologia,nao_usou,263,175,66.5
12,1o,21-30,N,com_ambos,endocrinologia,usou,42,23,54.8
12,1o,21-30,N,com_crianca,endocrinologia,nao_usou,1144,815,71.2
12,1o,21-30,N,com_crianca,endocrinologia,usou,75,52,69.3
12,1o,21-30,N,com_idoso,endocrinologia,nao_usou,907,583,64.3
12,1o,21-30,N,com_idoso,endocrinologia,usou,139,71,51.1
12,1o,21-30,N,solo,endocrinologia,nao_usou,3568,2632,73.8
12,1o,21-30,N,solo,endocrinologia,usou,272,186,68.4
12,1o,21-30,S,com_crianca,endocrinologia,nao_usou,30,21,70.0
12,1o,21-30,S,com_idoso,endocrinologia,nao_usou,41,17,41.5
12,1o,21-30,S,solo,endocrinologia,nao_usou,78,59,75.6
12,1o,31-50,N,com_ambos,endocrinologia,nao_usou,2332,1379,59.1
12,1o,31-50,N,com_ambos,endocrinologia,usou,317,203,64.0
12,1o,31-50,N,com_crianca,endocrinologia,nao_usou,5141,3335,64.9
12,1o,31-50,N,com_crianca,endocrinologia,usou,501,315,62.9
12,1o,31-50,N,com_idoso,endocrinologia,nao_usou,3771,2264,60.0
12,1o,31-50,N,com_idoso,endocrinologia,usou,563,348,61.8
12,1o,31-50,N,solo,endocrinologia,nao_usou,7429,5079,68.4
12,1o,31-50,N,solo,endocrinologia,usou,630,419,66.5
12,1o,31-50,S,com_ambos,endocrinologia,nao_usou,282,157,55.7
12,1o,31-50,S,com_ambos,endocrinologia,usou,98,60,61.2
12,1o,31-50,S,com_crianca,endocrinologia,nao_usou,549,308,56.1
12,1o,31-50,S,com_crianca,endocrinologia,usou,127,76,59.8
12,1o,31-50,S,com_idoso,endocrinologia,nao_usou,427,233,54.6
12,1o,31-50,S,com_idoso,endocrinologia,usou,128,75,58.6
12,1o,31-50,S,solo,endocrinologia,nao_usou,828,548,66.2
12,1o,31-50,S,solo,endocrinologia,usou,194,127,65.5
12,1o,51-70,N,com_ambos,endocrinologia,nao_usou,1195,654,54.7
12,1o,51-70,N,com_ambos,endocrinologia,usou,153,72,47.1
12,1o,51-70,N,com_crianca,endocrinologia,nao_usou,1843,1047,56.8
12,1o,51-70,N,com_crianca,endocrinologia,usou,174,95,54.6
12,1o,51-70,N,com_idoso,endocrinologia,nao_usou,4316,2342,54.3
12,1o,51-70,N,com_idoso,endocrinologia,usou,502,286,57.0
12,1o,51-70,N,solo,endocrinologia,nao_usou,5960,3642,61.1
12,1o,51-70,N,solo,endocrinologia,usou,433,234,54.0
12,1o,51-70,S,com_ambos,endocrinologia,nao_usou,414,213,51.4
12,1o,51-70,S,com_ambos,endocrinologia,usou,144,73,50.7
12,1o,51-70,S,com_crianca,endocrinologia,nao_usou,584,310,53.1
12,1o,51-70,S,com_crianca,endocrinologia,usou,149,80,53.7
12,1o,51-70,S,com_idoso,endocrinologia,nao_usou,1496,776,51.9
12,1o,51-70,S,com_idoso,endocrinologia,usou,535,291,54.4
12,1o,51-70,S,solo,endocrinologia,nao_usou,2100,1224,58.3
12,1o,51-70,S,solo,endocrinologia,usou,532,299,56.2
12,1o,71+,N,com_ambos,endocrinologia,nao_usou,225,118,52.4
12,1o,71+,N,com_crianca,endocrinologia,nao_usou,213,125,58.7
12,1o,71+,N,com_idoso,endocrinologia,nao_usou,1224,667,54.5
12,1o,71+,N,com_idoso,endocrinologia,usou,121,68,56.2
12,1o,71+,N,solo,endocrinologia,nao_usou,1307,809,61.9
12,1o,71+,N,solo,endocrinologia,usou,55,35,63.6
12,1o,71+,S,com_ambos,endocrinologia,nao_usou,124,54,43.5
12,1o,71+,S,com_crianca,endocrinologia,nao_usou,117,63,53.8
12,1o,71+,S,com_idoso,endocrinologia,nao_usou,615,329,53.5
12,1o,71+,S,com_idoso,endocrinologia,usou,144,67,46.5
12,1o,71+,S,solo,endocrinologia,nao_usou,736,431,58.6
12,1o,71+,S,solo,endocrinologia,usou,117,66,56.4
12,2o+,00-20,N,solo,endocrinologia,nao_usou,82,44,53.7
12,2o+,21-30,N,com_ambos,endocrinologia,nao_usou,127,71,55.9
12,2o+,21-30,N,com_crianca,endocrinologia,nao_usou,307,178,58.0
12,2o+,21-30,N,com_idoso,endocrinologia,nao_usou,429,245,57.1
12,2o+,21-30,N,solo,endocrinologia,nao_usou,922,578,62.7
12,2o+,21-30,S,solo,endocrinologia,nao_usou,42,25,59.5
12,2o+,31-50,N,com_ambos,endocrinologia,nao_usou,1595,893,56.0
12,2o+,31-50,N,com_crianca,endocrinologia,nao_usou,2196,1279,58.2
12,2o+,31-50,N,com_idoso,endocrinologia,nao_usou,2437,1262,51.8
12,2o+,31-50,N,solo,endocrinologia,nao_usou,2902,1756,60.5
12,2o+,31-50,S,com_ambos,endocrinologia,nao_usou,279,143,51.3
12,2o+,31-50,S,com_crianca,endocrinologia,nao_usou,388,211,54.4
12,2o+,31-50,S,com_idoso,endocrinologia,nao_usou,422,200,47.4
12,2o+,31-50,S,solo,endocrinologia,nao_usou,493,287,58.2
12,2o+,51-70,N,com_ambos,endocrinologia,nao_usou,986,506,51.3
12,2o+,51-70,N,com_crianca,endocrinologia,nao_usou,1180,649,55.0
12,2o+,51-70,N,com_idoso,endocrinologia,nao_usou,3425,1705,49.8
12,2o+,51-70,N,solo,endocrinologia,nao_usou,3244,1864,57.5
12,2o+,51-70,S,com_ambos,endocrinologia,nao_usou,547,242,44.2
12,2o+,51-70,S,com_crianca,endocrinologia,nao_usou,589,291,49.4
12,2o+,51-70,S,com_idoso,endocrinologia,nao_usou,1916,894,46.7
12,2o+,51-70,S,solo,endocrinologia,nao_usou,1903,1012,53.2
12,2o+,71+,N,com_ambos,endocrinologia,nao_usou,189,95,50.3
12,2o+,71+,N,com_crianca,endocrinologia,nao_usou,168,103,61.3
12,2o+,71+,N,com_idoso,endocrinologia,nao_usou,1046,534,51.1
12,2o+,71+,N,solo,endocrinologia,nao_usou,913,524,57.4
12,2o+,71+,S,com_ambos,endocrinologia,nao_usou,154,73,47.4
12,2o+,71+,S,com_crianca,endocrinologia,nao_usou,133,54,40.6
12,2o+,71+,S,com_idoso,endocrinologia,nao_usou,727,344,47.3
12,2o+,71+,S,solo,endocrinologia,nao_usou,651,353,54.2
12,1o,00-20,N,solo,exames,nao_usou,118,91,77.1
12,1o,00-20,N,solo,exames,usou,87,68,78.2
12,1o,21-30,N,com_ambos,exames,nao_usou,94,63,67.0
12,1o,21-30,N,com_ambos,exames,usou,211,135,64.0
12,1o,21-30,N,com_crianca,exames,nao_usou,499,363,72.7
12,1o,21-30,N,com_crianca,exames,usou,720,504,70.0
12,1o,21-30,N,com_idoso,exames,nao_usou,350,216,61.7
12,1o,21-30,N,com_idoso,exames,usou,696,438,62.9
12,1o,21-30,N,solo,exames,nao_usou,1903,1453,76.4
12,1o,21-30,N,solo,exames,usou,1937,1365,70.5
12,1o,21-30,S,com_idoso,exames,usou,39,13,33.3
12,1o,21-30,S,solo,exames,nao_usou,38,25,65.8
12,1o,21-30,S,solo,exames,usou,58,46,79.3
12,1o,31-50,N,com_ambos,exames,nao_usou,929,569,61.2
12,1o,31-50,N,com_ambos,exames,usou,1720,1013,58.9
12,1o,31-50,N,com_crianca,exames,nao_usou,2243,1520,67.8
12,1o,31-50,N,com_crianca,exames,usou,3399,2130,62.7
12,1o,31-50,N,com_idoso,exames,nao_usou,1544,941,60.9
12,1o,31-50,N,com_idoso,exames,usou,2790,1671,59.9
12,1o,31-50,N,solo,exames,nao_usou,3840,2670,69.5
12,1o,31-50,N,solo,exames,usou,4219,2828,67.0
12,1o,31-50,S,com_ambos,exames,nao_usou,95,54,56.8
12,1o,31-50,S,com_ambos,exames,usou,285,163,57.2
12,1o,31-50,S,com_crianca,exames,nao_usou,201,108,53.7
12,1o,31-50,S,com_crianca,exames,usou,475,276,58.1
12,1o,31-50,S,com_idoso,exames,nao_usou,163,93,57.1
12,1o,31-50,S,com_idoso,exames,usou,392,215,54.8
12,1o,31-50,S,solo,exames,nao_usou,358,248,69.3
12,1o,31-50,S,solo,exames,usou,664,427,64.3
12,1o,51-70,N,com_ambos,exames,nao_usou,449,254,56.6
12,1o,51-70,N,com_ambos,exames,usou,899,472,52.5
12,1o,51-70,N,com_crianca,exames,nao_usou,796,449,56.4
12,1o,51-70,N,com_crianca,exames,usou,1221,693,56.8
12,1o,51-70,N,com_idoso,exames,nao_usou,1754,1009,57.5
12,1o,51-70,N,com_idoso,exames,usou,3064,1619,52.8
12,1o,51-70,N,solo,exames,nao_usou,2961,1900,64.2
12,1o,51-70,N,solo,exames,usou,3432,1976,57.6
12,1o,51-70,S,com_ambos,exames,nao_usou,134,78,58.2
12,1o,51-70,S,com_ambos,exames,usou,424,208,49.1
12,1o,51-70,S,com_crianca,exames,nao_usou,201,112,55.7
12,1o,51-70,S,com_crianca,exames,usou,532,278,52.3
12,1o,51-70,S,com_idoso,exames,nao_usou,561,323,57.6
12,1o,51-70,S,com_idoso,exames,usou,1470,744,50.6
12,1o,51-70,S,solo,exames,nao_usou,883,560,63.4
12,1o,51-70,S,solo,exames,usou,1749,963,55.1
12,1o,71+,N,com_ambos,exames,nao_usou,88,46,52.3
12,1o,71+,N,com_ambos,exames,usou,161,84,52.2
12,1o,71+,N,com_crianca,exames,nao_usou,98,62,63.3
12,1o,71+,N,com_crianca,exames,usou,132,71,53.8
12,1o,71+,N,com_idoso,exames,nao_usou,470,257,54.7
12,1o,71+,N,com_idoso,exames,usou,875,478,54.6
12,1o,71+,N,solo,exames,nao_usou,600,385,64.2
12,1o,71+,N,solo,exames,usou,762,459,60.2
12,1o,71+,S,com_ambos,exames,nao_usou,38,20,52.6
12,1o,71+,S,com_ambos,exames,usou,115,49,42.6
12,1o,71+,S,com_crianca,exames,nao_usou,40,14,35.0
12,1o,71+,S,com_crianca,exames,usou,104,61,58.7
12,1o,71+,S,com_idoso,exames,nao_usou,213,111,52.1
12,1o,71+,S,com_idoso,exames,usou,546,285,52.2
12,1o,71+,S,solo,exames,nao_usou,304,177,58.2
12,1o,71+,S,solo,exames,usou,549,320,58.3
12,2o+,00-20,N,solo,exames,nao_usou,82,44,53.7
12,2o+,21-30,N,com_ambos,exames,nao_usou,127,71,55.9
12,2o+,21-30,N,com_crianca,exames,nao_usou,307,178,58.0
12,2o+,21-30,N,com_idoso,exames,nao_usou,429,245,57.1
12,2o+,21-30,N,solo,exames,nao_usou,922,578,62.7
12,2o+,21-30,S,solo,exames,nao_usou,42,25,59.5
12,2o+,31-50,N,com_ambos,exames,nao_usou,1595,893,56.0
12,2o+,31-50,N,com_crianca,exames,nao_usou,2196,1279,58.2
12,2o+,31-50,N,com_idoso,exames,nao_usou,2437,1262,51.8
12,2o+,31-50,N,solo,exames,nao_usou,2902,1756,60.5
12,2o+,31-50,S,com_ambos,exames,nao_usou,279,143,51.3
12,2o+,31-50,S,com_crianca,exames,nao_usou,388,211,54.4
12,2o+,31-50,S,com_idoso,exames,nao_usou,422,200,47.4
12,2o+,31-50,S,solo,exames,nao_usou,493,287,58.2
12,2o+,51-70,N,com_ambos,exames,nao_usou,986,506,51.3
12,2o+,51-70,N,com_crianca,exames,nao_usou,1180,649,55.0
12,2o+,51-70,N,com_idoso,exames,nao_usou,3425,1705,49.8
12,2o+,51-70,N,solo,exames,nao_usou,3244,1864,57.5
12,2o+,51-70,S,com_ambos,exames,nao_usou,547,242,44.2
12,2o+,51-70,S,com_crianca,exames,nao_usou,589,291,49.4
12,2o+,51-70,S,com_idoso,exames,nao_usou,1916,894,46.7
12,2o+,51-70,S,solo,exames,nao_usou,1903,1012,53.2
12,2o+,71+,N,com_ambos,exames,nao_usou,189,95,50.3
12,2o+,71+,N,com_crianca,exames,nao_usou,168,103,61.3
12,2o+,71+,N,com_idoso,exames,nao_usou,1046,534,51.1
12,2o+,71+,N,solo,exames,nao_usou,913,524,57.4
12,2o+,71+,S,com_ambos,exames,nao_usou,154,73,47.4
12,2o+,71+,S,com_crianca,exames,nao_usou,133,54,40.6
12,2o+,71+,S,com_idoso,exames,nao_usou,727,344,47.3
12,2o+,71+,S,solo,exames,nao_usou,651,353,54.2
12,1o,00-20,N,com_crianca,ginecologia,nao_usou,39,28,71.8
12,1o,00-20,N,com_idoso,ginecologia,nao_usou,43,28,65.1
12,1o,00-20,N,solo,ginecologia,nao_usou,175,137,78.3
12,1o,00-20,N,solo,ginecologia,usou,30,22,73.3
12,1o,21-30,N,com_ambos,ginecologia,nao_usou,216,147,68.1
12,1o,21-30,N,com_ambos,ginecologia,usou,89,51,57.3
12,1o,21-30,N,com_crianca,ginecologia,nao_usou,861,613,71.2
12,1o,21-30,N,com_crianca,ginecologia,usou,358,254,70.9
12,1o,21-30,N,com_idoso,ginecologia,nao_usou,759,476,62.7
12,1o,21-30,N,com_idoso,ginecologia,usou,287,178,62.0
12,1o,21-30,N,solo,ginecologia,nao_usou,2892,2151,74.4
12,1o,21-30,N,solo,ginecologia,usou,948,667,70.4
12,1o,21-30,S,com_idoso,ginecologia,nao_usou,30,15,50.0
12,1o,21-30,S,solo,ginecologia,nao_usou,73,51,69.9
12,1o,31-50,N,com_ambos,ginecologia,nao_usou,1983,1199,60.5
12,1o,31-50,N,com_ambos,ginecologia,usou,666,383,57.5
12,1o,31-50,N,com_crianca,ginecologia,nao_usou,4228,2764,65.4
12,1o,31-50,N,com_crianca,ginecologia,usou,1414,886,62.7
12,1o,31-50,N,com_idoso,ginecologia,nao_usou,3404,2049,60.2
12,1o,31-50,N,com_idoso,ginecologia,usou,930,563,60.5
12,1o,31-50,N,solo,ginecologia,nao_usou,6509,4459,68.5
12,1o,31-50,N,solo,ginecologia,usou,1550,1039,67.0
12,1o,31-50,S,com_ambos,ginecologia,nao_usou,257,146,56.8
12,1o,31-50,S,com_ambos,ginecologia,usou,123,71,57.7
12,1o,31-50,S,com_crianca,ginecologia,nao_usou,489,273,55.8
12,1o,31-50,S,com_crianca,ginecologia,usou,187,111,59.4
12,1o,31-50,S,com_idoso,ginecologia,nao_usou,419,230,54.9
12,1o,31-50,S,com_idoso,ginecologia,usou,136,78,57.4
12,1o,31-50,S,solo,ginecologia,nao_usou,829,557,67.2
12,1o,31-50,S,solo,ginecologia,usou,193,118,61.1
12,1o,51-70,N,com_ambos,ginecologia,nao_usou,1076,577,53.6
12,1o,51-70,N,com_ambos,ginecologia,usou,272,149,54.8
12,1o,51-70,N,com_crianca,ginecologia,nao_usou,1620,908,56.0
12,1o,51-70,N,com_crianca,ginecologia,usou,397,234,58.9
12,1o,51-70,N,com_idoso,ginecologia,nao_usou,4064,2249,55.3
12,1o,51-70,N,com_idoso,ginecologia,usou,754,379,50.3
12,1o,51-70,N,solo,ginecologia,nao_usou,5509,3387,61.5
12,1o,51-70,N,solo,ginecologia,usou,884,489,55.3
12,1o,51-70,S,com_ambos,ginecologia,nao_usou,393,207,52.7
12,1o,51-70,S,com_ambos,ginecologia,usou,165,79,47.9
12,1o,51-70,S,com_crianca,ginecologia,nao_usou,540,290,53.7
12,1o,51-70,S,com_crianca,ginecologia,usou,193,100,51.8
12,1o,51-70,S,com_idoso,ginecologia,nao_usou,1598,834,52.2
12,1o,51-70,S,com_idoso,ginecologia,usou,433,233,53.8
12,1o,51-70,S,solo,ginecologia,nao_usou,2197,1287,58.6
12,1o,51-70,S,solo,ginecologia,usou,435,236,54.3
12,1o,71+,N,com_ambos,ginecologia,nao_usou,219,115,52.5
12,1o,71+,N,com_ambos,ginecologia,usou,30,15,50.0
12,1o,71+,N,com_crianca,ginecologia,nao_usou,198,116,58.6
12,1o,71+,N,com_crianca,ginecologia,usou,32,17,53.1
12,1o,71+,N,com_idoso,ginecologia,nao_usou,1213,661,54.5
12,1o,71+,N,com_idoso,ginecologia,usou,132,74,56.1
12,1o,71+,N,solo,ginecologia,nao_usou,1279,800,62.5
12,1o,71+,N,solo,ginecologia,usou,83,44,53.0
12,1o,71+,S,com_ambos,ginecologia,nao_usou,123,58,47.2
12,1o,71+,S,com_ambos,ginecologia,usou,30,11,36.7
12,1o,71+,S,com_crianca,ginecologia,nao_usou,113,59,52.2
12,1o,71+,S,com_crianca,ginecologia,usou,31,16,51.6
12,1o,71+,S,com_idoso,ginecologia,nao_usou,663,344,51.9
12,1o,71+,S,com_idoso,ginecologia,usou,96,52,54.2
12,1o,71+,S,solo,ginecologia,nao_usou,782,456,58.3
12,1o,71+,S,solo,ginecologia,usou,71,41,57.7
12,2o+,00-20,N,solo,ginecologia,nao_usou,82,44,53.7
12,2o+,21-30,N,com_ambos,ginecologia,nao_usou,127,71,55.9
12,2o+,21-30,N,com_crianca,ginecologia,nao_usou,307,178,58.0
12,2o+,21-30,N,com_idoso,ginecologia,nao_usou,429,245,57.1
12,2o+,21-30,N,solo,ginecologia,nao_usou,922,578,62.7
12,2o+,21-30,S,solo,ginecologia,nao_usou,42,25,59.5
12,2o+,31-50,N,com_ambos,ginecologia,nao_usou,1595,893,56.0
12,2o+,31-50,N,com_crianca,ginecologia,nao_usou,2196,1279,58.2
12,2o+,31-50,N,com_idoso,ginecologia,nao_usou,2437,1262,51.8
12,2o+,31-50,N,solo,ginecologia,nao_usou,2902,1756,60.5
12,2o+,31-50,S,com_ambos,ginecologia,nao_usou,279,143,51.3
12,2o+,31-50,S,com_crianca,ginecologia,nao_usou,388,211,54.4
12,2o+,31-50,S,com_idoso,ginecologia,nao_usou,422,200,47.4
12,2o+,31-50,S,solo,ginecologia,nao_usou,493,287,58.2
12,2o+,51-70,N,com_ambos,ginecologia,nao_usou,986,506,51.3
12,2o+,51-70,N,com_crianca,ginecologia,nao_usou,1180,649,55.0
12,2o+,51-70,N,com_idoso,ginecologia,nao_usou,3425,1705,49.8
12,2o+,51-70,N,solo,ginecologia,nao_usou,3244,1864,57.5
12,2o+,51-70,S,com_ambos,ginecologia,nao_usou,547,242,44.2
12,2o+,51-70,S,com_crianca,ginecologia,nao_usou,589,291,49.4
12,2o+,51-70,S,com_idoso,ginecologia,nao_usou,1916,894,46.7
12,2o+,51-70,S,solo,ginecologia,nao_usou,1903,1012,53.2
12,2o+,71+,N,com_ambos,ginecologia,nao_usou,189,95,50.3
12,2o+,71+,N,com_crianca,ginecologia,nao_usou,168,103,61.3
12,2o+,71+,N,com_idoso,ginecologia,nao_usou,1046,534,51.1
12,2o+,71+,N,solo,ginecologia,nao_usou,913,524,57.4
12,2o+,71+,S,com_ambos,ginecologia,nao_usou,154,73,47.4
12,2o+,71+,S,com_crianca,ginecologia,nao_usou,133,54,40.6
12,2o+,71+,S,com_idoso,ginecologia,nao_usou,727,344,47.3
12,2o+,71+,S,solo,ginecologia,nao_usou,651,353,54.2
12,1o,00-20,N,com_crianca,ortopedia,nao_usou,46,30,65.2
12,1o,00-20,N,com_idoso,ortopedia,nao_usou,43,27,62.8
12,1o,00-20,N,solo,ortopedia,nao_usou,185,142,76.8
12,1o,21-30,N,com_ambos,ortopedia,nao_usou,237,154,65.0
12,1o,21-30,N,com_ambos,ortopedia,usou,68,44,64.7
12,1o,21-30,N,com_crianca,ortopedia,nao_usou,1052,752,71.5
12,1o,21-30,N,com_crianca,ortopedia,usou,167,115,68.9
12,1o,21-30,N,com_idoso,ortopedia,nao_usou,837,528,63.1
12,1o,21-30,N,com_idoso,ortopedia,usou,209,126,60.3
12,1o,21-30,N,solo,ortopedia,nao_usou,3418,2536,74.2
12,1o,21-30,N,solo,ortopedia,usou,422,282,66.8
12,1o,21-30,S,com_idoso,ortopedia,nao_usou,34,17,50.0
12,1o,21-30,S,solo,ortopedia,nao_usou,79,58,73.4
12,1o,31-50,N,com_ambos,ortopedia,nao_usou,2144,1281,59.7
12,1o,31-50,N,com_ambos,ortopedia,usou,505,301,59.6
12,1o,31-50,N,com_crianca,ortopedia,nao_usou,4765,3122,65.5
12,1o,31-50,N,com_crianca,ortopedia,usou,877,528,60.2
12,1o,31-50,N,com_idoso,ortopedia,nao_usou,3415,2063,60.4
12,1o,31-50,N,com_idoso,ortopedia,usou,919,549,59.7
12,1o,31-50,N,solo,ortopedia,nao_usou,7000,4769,68.1
12,1o,31-50,N,solo,ortopedia,usou,1059,729,68.8
12,1o,31-50,S,com_ambos,ortopedia,nao_usou,288,170,59.0
12,1o,31-50,S,com_ambos,ortopedia,usou,92,47,51.1
12,1o,31-50,S,com_crianca,ortopedia,nao_usou,569,329,57.8
12,1o,31-50,S,com_crianca,ortopedia,usou,107,55,51.4
12,1o,31-50,S,com_idoso,ortopedia,nao_usou,383,217,56.7
12,1o,31-50,S,com_idoso,ortopedia,usou,172,91,52.9
12,1o,31-50,S,solo,ortopedia,nao_usou,850,576,67.8
12,1o,31-50,S,solo,ortopedia,usou,172,99,57.6
12,1o,51-70,N,com_ambos,ortopedia,nao_usou,1023,571,55.8
12,1o,51-70,N,com_ambos,ortopedia,usou,325,155,47.7
12,1o,51-70,N,com_crianca,ortopedia,nao_usou,1629,913,56.0
12,1o,51-70,N,com_crianca,ortopedia,usou,388,229,59.0
12,1o,51-70,N,com_idoso,ortopedia,nao_usou,3684,2021,54.9
12,1o,51-70,N,com_idoso,ortopedia,usou,1134,607,53.5
12,1o,51-70,N,solo,ortopedia,nao_usou,5176,3163,61.1
12,1o,51-70,N,solo,ortopedia,usou,1217,713,58.6
12,1o,51-70,S,com_ambos,ortopedia,nao_usou,386,207,53.6
12,1o,51-70,S,com_ambos,ortopedia,usou,172,79,45.9
12,1o,51-70,S,com_crianca,ortopedia,nao_usou,550,297,54.0
12,1o,51-70,S,com_crianca,ortopedia,usou,183,93,50.8
12,1o,51-70,S,com_idoso,ortopedia,nao_usou,1477,792,53.6
12,1o,51-70,S,com_idoso,ortopedia,usou,554,275,49.6
12,1o,51-70,S,solo,ortopedia,nao_usou,2097,1228,58.6
12,1o,51-70,S,solo,ortopedia,usou,535,295,55.1
12,1o,71+,N,com_ambos,ortopedia,nao_usou,185,92,49.7
12,1o,71+,N,com_ambos,ortopedia,usou,64,38,59.4
12,1o,71+,N,com_crianca,ortopedia,nao_usou,186,107,57.5
12,1o,71+,N,com_crianca,ortopedia,usou,44,26,59.1
12,1o,71+,N,com_idoso,ortopedia,nao_usou,1055,569,53.9
12,1o,71+,N,com_idoso,ortopedia,usou,290,166,57.2
12,1o,71+,N,solo,ortopedia,nao_usou,1133,705,62.2
12,1o,71+,N,solo,ortopedia,usou,229,139,60.7
12,1o,71+,S,com_ambos,ortopedia,nao_usou,118,53,44.9
12,1o,71+,S,com_ambos,ortopedia,usou,35,16,45.7
12,1o,71+,S,com_crianca,ortopedia,nao_usou,108,51,47.2
12,1o,71+,S,com_crianca,ortopedia,usou,36,24,66.7
12,1o,71+,S,com_idoso,ortopedia,nao_usou,573,293,51.1
12,1o,71+,S,com_idoso,ortopedia,usou,186,103,55.4
12,1o,71+,S,solo,ortopedia,nao_usou,705,406,57.6
12,1o,71+,S,solo,ortopedia,usou,148,91,61.5
12,2o+,00-20,N,solo,ortopedia,nao_usou,82,44,53.7
12,2o+,21-30,N,com_ambos,ortopedia,nao_usou,127,71,55.9
12,2o+,21-30,N,com_crianca,ortopedia,nao_usou,307,178,58.0
12,2o+,21-30,N,com_idoso,ortopedia,nao_usou,429,245,57.1
12,2o+,21-30,N,solo,ortopedia,nao_usou,922,578,62.7
12,2o+,21-30,S,solo,ortopedia,nao_usou,42,25,59.5
12,2o+,31-50,N,com_ambos,ortopedia,nao_usou,1595,893,56.0
12,2o+,31-50,N,com_crianca,ortopedia,nao_usou,2196,1279,58.2
12,2o+,31-50,N,com_idoso,ortopedia,nao_usou,2437,1262,51.8
12,2o+,31-50,N,solo,ortopedia,nao_usou,2902,1756,60.5
12,2o+,31-50,S,com_ambos,ortopedia,nao_usou,279,143,51.3
12,2o+,31-50,S,com_crianca,ortopedia,nao_usou,388,211,54.4
12,2o+,31-50,S,com_idoso,ortopedia,nao_usou,422,200,47.4
12,2o+,31-50,S,solo,ortopedia,nao_usou,493,287,58.2
12,2o+,51-70,N,com_ambos,ortopedia,nao_usou,986,506,51.3
12,2o+,51-70,N,com_crianca,ortopedia,nao_usou,1180,649,55.0
12,2o+,51-70,N,com_idoso,ortopedia,nao_usou,3425,1705,49.8
12,2o+,51-70,N,solo,ortopedia,nao_usou,3244,1864,57.5
12,2o+,51-70,S,com_ambos,ortopedia,nao_usou,547,242,44.2
12,2o+,51-70,S,com_crianca,ortopedia,nao_usou,589,291,49.4
12,2o+,51-70,S,com_idoso,ortopedia,nao_usou,1916,894,46.7
12,2o+,51-70,S,solo,ortopedia,nao_usou,1903,1012,53.2
12,2o+,71+,N,com_ambos,ortopedia,nao_usou,189,95,50.3
12,2o+,71+,N,com_crianca,ortopedia,nao_usou,168,103,61.3
12,2o+,71+,N,com_idoso,ortopedia,nao_usou,1046,534,51.1
12,2o+,71+,N,solo,ortopedia,nao_usou,913,524,57.4
12,2o+,71+,S,com_ambos,ortopedia,nao_usou,154,73,47.4
12,2o+,71+,S,com_crianca,ortopedia,nao_usou,133,54,40.6
12,2o+,71+,S,com_idoso,ortopedia,nao_usou,727,344,47.3
12,2o+,71+,S,solo,ortopedia,nao_usou,651,353,54.2
12,1o,00-20,N,com_crianca,pediatria,nao_usou,38,24,63.2
12,1o,00-20,N,com_idoso,pediatria,nao_usou,44,29,65.9
12,1o,00-20,N,solo,pediatria,nao_usou,176,135,76.7
12,1o,21-30,N,com_ambos,pediatria,nao_usou,227,146,64.3
12,1o,21-30,N,com_ambos,pediatria,usou,78,52,66.7
12,1o,21-30,N,com_crianca,pediatria,nao_usou,927,642,69.3
12,1o,21-30,N,com_crianca,pediatria,usou,292,225,77.1
12,1o,21-30,N,com_idoso,pediatria,nao_usou,1045,654,62.6
12,1o,21-30,N,solo,pediatria,nao_usou,3838,2817,73.4
12,1o,21-30,S,com_idoso,pediatria,nao_usou,50,22,44.0
12,1o,21-30,S,solo,pediatria,nao_usou,96,71,74.0
12,1o,31-50,N,com_ambos,pediatria,nao_usou,2199,1320,60.0
12,1o,31-50,N,com_ambos,pediatria,usou,450,262,58.2
12,1o,31-50,N,com_crianca,pediatria,nao_usou,4503,2919,64.8
12,1o,31-50,N,com_crianca,pediatria,usou,1139,731,64.2
12,1o,31-50,N,com_idoso,pediatria,nao_usou,4330,2608,60.2
12,1o,31-50,N,solo,pediatria,nao_usou,8053,5494,68.2
12,1o,31-50,S,com_ambos,pediatria,nao_usou,301,169,56.1
12,1o,31-50,S,com_ambos,pediatria,usou,79,48,60.8
12,1o,31-50,S,com_crianca,pediatria,nao_usou,522,294,56.3
12,1o,31-50,S,com_crianca,pediatria,usou,154,90,58.4
12,1o,31-50,S,com_idoso,pediatria,nao_usou,554,307,55.4
12,1o,31-50,S,solo,pediatria,nao_usou,1022,675,66.0
12,1o,51-70,N,com_ambos,pediatria,nao_usou,1187,641,54.0
12,1o,51-70,N,com_ambos,pediatria,usou,161,85,52.8
12,1o,51-70,N,com_crianca,pediatria,nao_usou,1780,1004,56.4
12,1o,51-70,N,com_crianca,pediatria,usou,237,138,58.2
12,1o,51-70,N,com_idoso,pediatria,nao_usou,4817,2628,54.6
12,1o,51-70,N,solo,pediatria,nao_usou,6390,3873,60.6
12,1o,51-70,S,com_ambos,pediatria,nao_usou,479,250,52.2
12,1o,51-70,S,com_ambos,pediatria,usou,79,36,45.6
12,1o,51-70,S,com_crianca,pediatria,nao_usou,613,319,52.0
12,1o,51-70,S,com_crianca,pediatria,usou,120,71,59.2
12,1o,51-70,S,com_idoso,pediatria,nao_usou,2031,1067,52.5
12,1o,51-70,S,solo,pediatria,nao_usou,2631,1522,57.8
12,1o,71+,N,com_ambos,pediatria,nao_usou,236,124,52.5
12,1o,71+,N,com_crianca,pediatria,nao_usou,203,115,56.7
12,1o,71+,N,com_idoso,pediatria,nao_usou,1344,735,54.7
12,1o,71+,N,solo,pediatria,nao_usou,1361,844,62.0
12,1o,71+,S,com_ambos,pediatria,nao_usou,137,60,43.8
12,1o,71+,S,com_crianca,pediatria,nao_usou,125,65,52.0
12,1o,71+,S,com_idoso,pediatria,nao_usou,759,396,52.2
12,1o,71+,S,solo,pediatria,nao_usou,853,497,58.3
12,2o+,00-20,N,solo,pediatria,nao_usou,82,44,53.7
12,2o+,21-30,N,com_ambos,pediatria,nao_usou,127,71,55.9
12,2o+,21-30,N,com_crianca,pediatria,nao_usou,307,178,58.0
12,2o+,21-30,N,com_idoso,pediatria,nao_usou,429,245,57.1
12,2o+,21-30,N,solo,pediatria,nao_usou,922,578,62.7
12,2o+,21-30,S,solo,pediatria,nao_usou,42,25,59.5
12,2o+,31-50,N,com_ambos,pediatria,nao_usou,1595,893,56.0
12,2o+,31-50,N,com_crianca,pediatria,nao_usou,2196,1279,58.2
12,2o+,31-50,N,com_idoso,pediatria,nao_usou,2437,1262,51.8
12,2o+,31-50,N,solo,pediatria,nao_usou,2902,1756,60.5
12,2o+,31-50,S,com_ambos,pediatria,nao_usou,279,143,51.3
12,2o+,31-50,S,com_crianca,pediatria,nao_usou,388,211,54.4
12,2o+,31-50,S,com_idoso,pediatria,nao_usou,422,200,47.4
12,2o+,31-50,S,solo,pediatria,nao_usou,493,287,58.2
12,2o+,51-70,N,com_ambos,pediatria,nao_usou,986,506,51.3
12,2o+,51-70,N,com_crianca,pediatria,nao_usou,1180,649,55.0
12,2o+,51-70,N,com_idoso,pediatria,nao_usou,3425,1705,49.8
12,2o+,51-70,N,solo,pediatria,nao_usou,3244,1864,57.5
12,2o+,51-70,S,com_ambos,pediatria,nao_usou,547,242,44.2
12,2o+,51-70,S,com_crianca,pediatria,nao_usou,589,291,49.4
12,2o+,51-70,S,com_idoso,pediatria,nao_usou,1916,894,46.7
12,2o+,51-70,S,solo,pediatria,nao_usou,1903,1012,53.2
12,2o+,71+,N,com_ambos,pediatria,nao_usou,189,95,50.3
12,2o+,71+,N,com_crianca,pediatria,nao_usou,168,103,61.3
12,2o+,71+,N,com_idoso,pediatria,nao_usou,1046,534,51.1
12,2o+,71+,N,solo,pediatria,nao_usou,913,524,57.4
12,2o+,71+,S,com_ambos,pediatria,nao_usou,154,73,47.4
12,2o+,71+,S,com_crianca,pediatria,nao_usou,133,54,40.6
12,2o+,71+,S,com_idoso,pediatria,nao_usou,727,344,47.3
12,2o+,71+,S,solo,pediatria,nao_usou,651,353,54.2
12,1o,00-20,N,com_crianca,psiquiatria,nao_usou,46,33,71.7
12,1o,00-20,N,com_idoso,psiquiatria,nao_usou,46,28,60.9
12,1o,00-20,N,solo,psiquiatria,nao_usou,191,148,77.5
12,1o,21-30,N,com_ambos,psiquiatria,nao_usou,260,170,65.4
12,1o,21-30,N,com_ambos,psiquiatria,usou,45,28,62.2
12,1o,21-30,N,com_crianca,psiquiatria,nao_usou,1063,757,71.2
12,1o,21-30,N,com_crianca,psiquiatria,usou,156,110,70.5
12,1o,21-30,N,com_idoso,psiquiatria,nao_usou,809,508,62.8
12,1o,21-30,N,com_idoso,psiquiatria,usou,237,146,61.6
12,1o,21-30,N,solo,psiquiatria,nao_usou,3185,2360,74.1
12,1o,21-30,N,solo,psiquiatria,usou,655,458,69.9
12,1o,21-30,S,com_crianca,psiquiatria,nao_usou,34,23,67.6
12,1o,21-30,S,com_idoso,psiquiatria,nao_usou,37,14,37.8
12,1o,21-30,S,solo,psiquiatria,nao_usou,81,59,72.8
12,1o,31-50,N,com_ambos,psiquiatria,nao_usou,2249,1313,58.4
12,1o,31-50,N,com_ambos,psiquiatria,usou,400,269,67.3
12,1o,31-50,N,com_crianca,psiquiatria,nao_usou,5004,3230,64.5
12,1o,31-50,N,com_crianca,psiquiatria,usou,638,420,65.8
12,1o,31-50,N,com_idoso,psiquiatria,nao_usou,3538,2138,60.4
12,1o,31-50,N,com_idoso,psiquiatria,usou,796,474,59.5
12,1o,31-50,N,solo,psiquiatria,nao_usou,6874,4682,68.1
12,1o,31-50,N,solo,psiquiatria,usou,1185,816,68.9
12,1o,31-50,S,com_ambos,psiquiatria,nao_usou,321,176,54.8
12,1o,31-50,S,com_ambos,psiquiatria,usou,59,41,69.5
12,1o,31-50,S,com_crianca,psiquiatria,nao_usou,604,343,56.8
12,1o,31-50,S,com_crianca,psiquiatria,usou,72,41,56.9
12,1o,31-50,S,com_idoso,psiquiatria,nao_usou,447,246,55.0
12,1o,31-50,S,com_idoso,psiquiatria,usou,108,62,57.4
12,1o,31-50,S,solo,psiquiatria,nao_usou,861,569,66.1
12,1o,31-50,S,solo,psiquiatria,usou,161,106,65.8
12,1o,51-70,N,com_ambos,psiquiatria,nao_usou,1169,629,53.8
12,1o,51-70,N,com_ambos,psiquiatria,usou,179,97,54.2
12,1o,51-70,N,com_crianca,psiquiatria,nao_usou,1805,1019,56.5
12,1o,51-70,N,com_crianca,psiquiatria,usou,212,123,58.0
12,1o,51-70,N,com_idoso,psiquiatria,nao_usou,4183,2286,54.6
12,1o,51-70,N,com_idoso,psiquiatria,usou,635,342,53.9
12,1o,51-70,N,solo,psiquiatria,nao_usou,5707,3480,61.0
12,1o,51-70,N,solo,psiquiatria,usou,686,396,57.7
12,1o,51-70,S,com_ambos,psiquiatria,nao_usou,451,226,50.1
12,1o,51-70,S,com_ambos,psiquiatria,usou,107,60,56.1
12,1o,51-70,S,com_crianca,psiquiatria,nao_usou,611,326,53.4
12,1o,51-70,S,com_crianca,psiquiatria,usou,122,64,52.5
12,1o,51-70,S,com_idoso,psiquiatria,nao_usou,1720,884,51.4
12,1o,51-70,S,com_idoso,psiquiatria,usou,311,183,58.8
12,1o,51-70,S,solo,psiquiatria,nao_usou,2326,1349,58.0
12,1o,51-70,S,solo,psiquiatria,usou,306,174,56.9
12,1o,71+,N,com_ambos,psiquiatria,nao_usou,226,116,51.3
12,1o,71+,N,com_crianca,psiquiatria,nao_usou,203,124,61.1
12,1o,71+,N,com_idoso,psiquiatria,nao_usou,1208,657,54.4
12,1o,71+,N,com_idoso,psiquiatria,usou,137,78,56.9
12,1o,71+,N,solo,psiquiatria,nao_usou,1257,787,62.6
12,1o,71+,N,solo,psiquiatria,usou,105,57,54.3
12,1o,71+,S,com_ambos,psiquiatria,nao_usou,138,62,44.9
12,1o,71+,S,com_crianca,psiquiatria,nao_usou,119,57,47.9
12,1o,71+,S,com_idoso,psiquiatria,nao_usou,672,354,52.7
12,1o,71+,S,com_idoso,psiquiatria,usou,87,42,48.3
12,1o,71+,S,solo,psiquiatria,nao_usou,785,459,58.5
12,1o,71+,S,solo,psiquiatria,usou,68,38,55.9
12,2o+,00-20,N,solo,psiquiatria,nao_usou,82,44,53.7
12,2o+,21-30,N,com_ambos,psiquiatria,nao_usou,127,71,55.9
12,2o+,21-30,N,com_crianca,psiquiatria,nao_usou,307,178,58.0
12,2o+,21-30,N,com_idoso,psiquiatria,nao_usou,429,245,57.1
12,2o+,21-30,N,solo,psiquiatria,nao_usou,922,578,62.7
12,2o+,21-30,S,solo,psiquiatria,nao_usou,42,25,59.5
12,2o+,31-50,N,com_ambos,psiquiatria,nao_usou,1595,893,56.0
12,2o+,31-50,N,com_crianca,psiquiatria,nao_usou,2196,1279,58.2
12,2o+,31-50,N,com_idoso,psiquiatria,nao_usou,2437,1262,51.8
12,2o+,31-50,N,solo,psiquiatria,nao_usou,2902,1756,60.5
12,2o+,31-50,S,com_ambos,psiquiatria,nao_usou,279,143,51.3
12,2o+,31-50,S,com_crianca,psiquiatria,nao_usou,388,211,54.4
12,2o+,31-50,S,com_idoso,psiquiatria,nao_usou,422,200,47.4
12,2o+,31-50,S,solo,psiquiatria,nao_usou,493,287,58.2
12,2o+,51-70,N,com_ambos,psiquiatria,nao_usou,986,506,51.3
12,2o+,51-70,N,com_crianca,psiquiatria,nao_usou,1180,649,55.0
12,2o+,51-70,N,com_idoso,psiquiatria,nao_usou,3425,1705,49.8
12,2o+,51-70,N,solo,psiquiatria,nao_usou,3244,1864,57.5
12,2o+,51-70,S,com_ambos,psiquiatria,nao_usou,547,242,44.2
12,2o+,51-70,S,com_crianca,psiquiatria,nao_usou,589,291,49.4
12,2o+,51-70,S,com_idoso,psiquiatria,nao_usou,1916,894,46.7
12,2o+,51-70,S,solo,psiquiatria,nao_usou,1903,1012,53.2
12,2o+,71+,N,com_ambos,psiquiatria,nao_usou,189,95,50.3
12,2o+,71+,N,com_crianca,psiquiatria,nao_usou,168,103,61.3
12,2o+,71+,N,com_idoso,psiquiatria,nao_usou,1046,534,51.1
12,2o+,71+,N,solo,psiquiatria,nao_usou,913,524,57.4
12,2o+,71+,S,com_ambos,psiquiatria,nao_usou,154,73,47.4
12,2o+,71+,S,com_crianca,psiquiatria,nao_usou,133,54,40.6
12,2o+,71+,S,com_idoso,psiquiatria,nao_usou,727,344,47.3
12,2o+,71+,S,solo,psiquiatria,nao_usou,651,353,54.2
6,1o,00-20,N,com_crianca,CM_presencial,nao_usou,33,20,60.6
6,1o,00-20,N,com_crianca,CM_presencial,usou,90,54,60.0
6,1o,00-20,N,com_idoso,CM_presencial,usou,44,25,56.8
6,1o,00-20,N,solo,CM_presencial,nao_usou,211,138,65.4
6,1o,00-20,N,solo,CM_presencial,usou,300,199,66.3
6,1o,21-30,N,com_ambos,CM_presencial,nao_usou,50,28,56.0
6,1o,21-30,N,com_ambos,CM_presencial,usou,186,98,52.7
6,1o,21-30,N,com_crianca,CM_presencial,nao_usou,431,280,65.0
6,1o,21-30,N,com_crianca,CM_presencial,usou,920,592,64.3
6,1o,21-30,N,com_idoso,CM_presencial,nao_usou,271,154,56.8
6,1o,21-30,N,com_idoso,CM_presencial,usou,738,434,58.8
6,1o,21-30,N,solo,CM_presencial,nao_usou,2046,1323,64.7
6,1o,21-30,N,solo,CM_presencial,usou,4124,2813,68.2
6,1o,21-30,S,solo,CM_presencial,nao_usou,35,22,62.9
6,1o,21-30,S,solo,CM_presencial,usou,143,94,65.7
6,1o,31-50,N,com_ambos,CM_presencial,nao_usou,571,308,53.9
6,1o,31-50,N,com_ambos,CM_presencial,usou,1510,796,52.7
6,1o,31-50,N,com_crianca,CM_presencial,nao_usou,1797,1035,57.6
6,1o,31-50,N,com_crianca,CM_presencial,usou,4010,2332,58.2
6,1o,31-50,N,com_idoso,CM_presencial,nao_usou,1002,558,55.7
6,1o,31-50,N,com_idoso,CM_presencial,usou,2707,1456,53.8
6,1o,31-50,N,solo,CM_presencial,nao_usou,4294,2583,60.2
6,1o,31-50,N,solo,CM_presencial,usou,7892,4827,61.2
6,1o,31-50,S,com_ambos,CM_presencial,nao_usou,56,33,58.9
6,1o,31-50,S,com_ambos,CM_presencial,usou,185,89,48.1
6,1o,31-50,S,com_crianca,CM_presencial,nao_usou,147,76,51.7
6,1o,31-50,S,com_crianca,CM_presencial,usou,452,230,50.9
6,1o,31-50,S,com_idoso,CM_presencial,nao_usou,106,64,60.4
6,1o,31-50,S,com_idoso,CM_presencial,usou,310,165,53.2
6,1o,31-50,S,solo,CM_presencial,nao_usou,400,239,59.8
6,1o,31-50,S,solo,CM_presencial,usou,1017,560,55.1
6,1o,51-70,N,com_ambos,CM_presencial,nao_usou,241,122,50.6
6,1o,51-70,N,com_ambos,CM_presencial,usou,622,301,48.4
6,1o,51-70,N,com_crianca,CM_presencial,nao_usou,538,278,51.7
6,1o,51-70,N,com_crianca,CM_presencial,usou,1247,639,51.2
6,1o,51-70,N,com_idoso,CM_presencial,nao_usou,1023,492,48.1
6,1o,51-70,N,com_idoso,CM_presencial,usou,2436,1226,50.3
6,1o,51-70,N,solo,CM_presencial,nao_usou,2755,1531,55.6
6,1o,51-70,N,solo,CM_presencial,usou,5037,2714,53.9
6,1o,51-70,S,com_ambos,CM_presencial,nao_usou,49,26,53.1
6,1o,51-70,S,com_ambos,CM_presencial,usou,195,81,41.5
6,1o,51-70,S,com_crianca,CM_presencial,nao_usou,130,69,53.1
6,1o,51-70,S,com_crianca,CM_presencial,usou,377,179,47.5
6,1o,51-70,S,com_idoso,CM_presencial,nao_usou,302,152,50.3
6,1o,51-70,S,com_idoso,CM_presencial,usou,934,405,43.4
6,1o,51-70,S,solo,CM_presencial,nao_usou,786,431,54.8
6,1o,51-70,S,solo,CM_presencial,usou,1922,991,51.6
6,1o,71+,N,com_ambos,CM_presencial,usou,80,35,43.8
6,1o,71+,N,com_crianca,CM_presencial,nao_usou,51,21,41.2
6,1o,71+,N,com_crianca,CM_presencial,usou,122,64,52.5
6,1o,71+,N,com_idoso,CM_presencial,nao_usou,249,123,49.4
6,1o,71+,N,com_idoso,CM_presencial,usou,559,256,45.8
6,1o,71+,N,solo,CM_presencial,nao_usou,584,315,53.9
6,1o,71+,N,solo,CM_presencial,usou,982,491,50.0
6,1o,71+,S,com_ambos,CM_presencial,usou,33,13,39.4
6,1o,71+,S,com_crianca,CM_presencial,usou,64,32,50.0
6,1o,71+,S,com_idoso,CM_presencial,nao_usou,93,49,52.7
6,1o,71+,S,com_idoso,CM_presencial,usou,291,141,48.5
6,1o,71+,S,solo,CM_presencial,nao_usou,236,120,50.8
6,1o,71+,S,solo,CM_presencial,usou,568,287,50.5
6,2o+,00-20,N,com_crianca,CM_presencial,nao_usou,51,23,45.1
6,2o+,00-20,N,com_idoso,CM_presencial,nao_usou,31,17,54.8
6,2o+,00-20,N,solo,CM_presencial,nao_usou,191,110,57.6
6,2o+,21-30,N,com_ambos,CM_presencial,nao_usou,245,94,38.4
6,2o+,21-30,N,com_crianca,CM_presencial,nao_usou,646,345,53.4
6,2o+,21-30,N,com_idoso,CM_presencial,nao_usou,730,331,45.3
6,2o+,21-30,N,solo,CM_presencial,nao_usou,2494,1315,52.7
6,2o+,21-30,S,com_crianca,CM_presencial,nao_usou,30,12,40.0
6,2o+,21-30,S,solo,CM_presencial,nao_usou,87,48,55.2
6,2o+,31-50,N,com_ambos,CM_presencial,nao_usou,1984,880,44.4
6,2o+,31-50,N,com_crianca,CM_presencial,nao_usou,3939,1892,48.0
6,2o+,31-50,N,com_idoso,CM_presencial,nao_usou,3263,1357,41.6
6,2o+,31-50,N,solo,CM_presencial,nao_usou,6634,3299,49.7
6,2o+,31-50,S,com_ambos,CM_presencial,nao_usou,285,109,38.2
6,2o+,31-50,S,com_crianca,CM_presencial,nao_usou,547,249,45.5
6,2o+,31-50,S,com_idoso,CM_presencial,nao_usou,510,180,35.3
6,2o+,31-50,S,solo,CM_presencial,nao_usou,957,451,47.1
6,2o+,51-70,N,com_ambos,CM_presencial,nao_usou,979,396,40.4
6,2o+,51-70,N,com_crianca,CM_presencial,nao_usou,1527,633,41.5
6,2o+,51-70,N,com_idoso,CM_presencial,nao_usou,3601,1434,39.8
6,2o+,51-70,N,solo,CM_presencial,nao_usou,5427,2532,46.7
6,2o+,51-70,S,com_ambos,CM_presencial,nao_usou,429,156,36.4
6,2o+,51-70,S,com_crianca,CM_presencial,nao_usou,587,221,37.6
6,2o+,51-70,S,com_idoso,CM_presencial,nao_usou,1723,625,36.3
6,2o+,51-70,S,solo,CM_presencial,nao_usou,2419,1043,43.1
6,2o+,71+,N,com_ambos,CM_presencial,nao_usou,138,51,37.0
6,2o+,71+,N,com_crianca,CM_presencial,nao_usou,178,84,47.2
6,2o+,71+,N,com_idoso,CM_presencial,nao_usou,913,377,41.3
6,2o+,71+,N,solo,CM_presencial,nao_usou,1141,501,43.9
6,2o+,71+,S,com_ambos,CM_presencial,nao_usou,106,39,36.8
6,2o+,71+,S,com_crianca,CM_presencial,nao_usou,98,43,43.9
6,2o+,71+,S,com_idoso,CM_presencial,nao_usou,553,186,33.6
6,2o+,71+,S,solo,CM_presencial,nao_usou,727,305,42.0
6,1o,00-20,N,com_crianca,CM_tele,nao_usou,97,57,58.8
6,1o,00-20,N,com_idoso,CM_tele,nao_usou,52,32,61.5
6,1o,00-20,N,solo,CM_tele,nao_usou,435,284,65.3
6,1o,00-20,N,solo,CM_tele,usou,76,53,69.7
6,1o,21-30,N,com_ambos,CM_tele,nao_usou,162,89,54.9
6,1o,21-30,N,com_ambos,CM_tele,usou,74,37,50.0
6,1o,21-30,N,com_crianca,CM_tele,nao_usou,1006,640,63.6
6,1o,21-30,N,com_crianca,CM_tele,usou,345,232,67.2
6,1o,21-30,N,com_idoso,CM_tele,nao_usou,685,398,58.1
6,1o,21-30,N,com_idoso,CM_tele,usou,324,190,58.6
6,1o,21-30,N,solo,CM_tele,nao_usou,4261,2842,66.7
6,1o,21-30,N,solo,CM_tele,usou,1909,1294,67.8
6,1o,21-30,S,solo,CM_tele,nao_usou,113,76,67.3
6,1o,21-30,S,solo,CM_tele,usou,65,40,61.5
6,1o,31-50,N,com_ambos,CM_tele,nao_usou,1646,860,52.2
6,1o,31-50,N,com_ambos,CM_tele,usou,435,244,56.1
6,1o,31-50,N,com_crianca,CM_tele,nao_usou,4713,2720,57.7
6,1o,31-50,N,com_crianca,CM_tele,usou,1094,647,59.1
6,1o,31-50,N,com_idoso,CM_tele,nao_usou,2741,1500,54.7
6,1o,31-50,N,com_idoso,CM_tele,usou,968,514,53.1
6,1o,31-50,N,solo,CM_tele,nao_usou,9311,5587,60.0
6,1o,31-50,N,solo,CM_tele,usou,2875,1823,63.4
6,1o,31-50,S,com_ambos,CM_tele,nao_usou,188,96,51.1
6,1o,31-50,S,com_ambos,CM_tele,usou,53,26,49.1
6,1o,31-50,S,com_crianca,CM_tele,nao_usou,483,247,51.1
6,1o,31-50,S,com_crianca,CM_tele,usou,116,59,50.9
6,1o,31-50,S,com_idoso,CM_tele,nao_usou,305,163,53.4
6,1o,31-50,S,com_idoso,CM_tele,usou,111,66,59.5
6,1o,31-50,S,solo,CM_tele,nao_usou,1116,619,55.5
6,1o,31-50,S,solo,CM_tele,usou,301,180,59.8
6,1o,51-70,N,com_ambos,CM_tele,nao_usou,735,366,49.8
6,1o,51-70,N,com_ambos,CM_tele,usou,128,57,44.5
6,1o,51-70,N,com_crianca,CM_tele,nao_usou,1520,774,50.9
6,1o,51-70,N,com_crianca,CM_tele,usou,265,143,54.0
6,1o,51-70,N,com_idoso,CM_tele,nao_usou,2976,1475,49.6
6,1o,51-70,N,com_idoso,CM_tele,usou,483,243,50.3
6,1o,51-70,N,solo,CM_tele,nao_usou,6845,3698,54.0
6,1o,51-70,N,solo,CM_tele,usou,947,547,57.8
6,1o,51-70,S,com_ambos,CM_tele,nao_usou,199,94,47.2
6,1o,51-70,S,com_ambos,CM_tele,usou,45,13,28.9
6,1o,51-70,S,com_crianca,CM_tele,nao_usou,421,215,51.1
6,1o,51-70,S,com_crianca,CM_tele,usou,86,33,38.4
6,1o,51-70,S,com_idoso,CM_tele,nao_usou,1034,460,44.5
6,1o,51-70,S,com_idoso,CM_tele,usou,202,97,48.0
6,1o,51-70,S,solo,CM_tele,nao_usou,2376,1233,51.9
6,1o,51-70,S,solo,CM_tele,usou,332,189,56.9
6,1o,71+,N,com_ambos,CM_tele,nao_usou,92,41,44.6
6,1o,71+,N,com_crianca,CM_tele,nao_usou,153,77,50.3
6,1o,71+,N,com_idoso,CM_tele,nao_usou,735,342,46.5
6,1o,71+,N,com_idoso,CM_tele,usou,73,37,50.7
6,1o,71+,N,solo,CM_tele,nao_usou,1427,738,51.7
6,1o,71+,N,solo,CM_tele,usou,139,68,48.9
6,1o,71+,S,com_ambos,CM_tele,nao_usou,36,16,44.4
6,1o,71+,S,com_crianca,CM_tele,nao_usou,77,38,49.4
6,1o,71+,S,com_idoso,CM_tele,nao_usou,339,162,47.8
6,1o,71+,S,com_idoso,CM_tele,usou,45,28,62.2
6,1o,71+,S,solo,CM_tele,nao_usou,749,380,50.7
6,1o,71+,S,solo,CM_tele,usou,55,27,49.1
6,2o+,00-20,N,com_crianca,CM_tele,nao_usou,51,23,45.1
6,2o+,00-20,N,com_idoso,CM_tele,nao_usou,31,17,54.8
6,2o+,00-20,N,solo,CM_tele,nao_usou,191,110,57.6
6,2o+,21-30,N,com_ambos,CM_tele,nao_usou,245,94,38.4
6,2o+,21-30,N,com_crianca,CM_tele,nao_usou,646,345,53.4
6,2o+,21-30,N,com_idoso,CM_tele,nao_usou,730,331,45.3
6,2o+,21-30,N,solo,CM_tele,nao_usou,2494,1315,52.7
6,2o+,21-30,S,com_crianca,CM_tele,nao_usou,30,12,40.0
6,2o+,21-30,S,solo,CM_tele,nao_usou,87,48,55.2
6,2o+,31-50,N,com_ambos,CM_tele,nao_usou,1984,880,44.4
6,2o+,31-50,N,com_crianca,CM_tele,nao_usou,3939,1892,48.0
6,2o+,31-50,N,com_idoso,CM_tele,nao_usou,3263,1357,41.6
6,2o+,31-50,N,solo,CM_tele,nao_usou,6634,3299,49.7
6,2o+,31-50,S,com_ambos,CM_tele,nao_usou,285,109,38.2
6,2o+,31-50,S,com_crianca,CM_tele,nao_usou,547,249,45.5
6,2o+,31-50,S,com_idoso,CM_tele,nao_usou,510,180,35.3
6,2o+,31-50,S,solo,CM_tele,nao_usou,957,451,47.1
6,2o+,51-70,N,com_ambos,CM_tele,nao_usou,979,396,40.4
6,2o+,51-70,N,com_crianca,CM_tele,nao_usou,1527,633,41.5
6,2o+,51-70,N,com_idoso,CM_tele,nao_usou,3601,1434,39.8
6,2o+,51-70,N,solo,CM_tele,nao_usou,5427,2532,46.7
6,2o+,51-70,S,com_ambos,CM_tele,nao_usou,429,156,36.4
6,2o+,51-70,S,com_crianca,CM_tele,nao_usou,587,221,37.6
6,2o+,51-70,S,com_idoso,CM_tele,nao_usou,1723,625,36.3
6,2o+,51-70,S,solo,CM_tele,nao_usou,2419,1043,43.1
6,2o+,71+,N,com_ambos,CM_tele,nao_usou,138,51,37.0
6,2o+,71+,N,com_crianca,CM_tele,nao_usou,178,84,47.2
6,2o+,71+,N,com_idoso,CM_tele,nao_usou,913,377,41.3
6,2o+,71+,N,solo,CM_tele,nao_usou,1141,501,43.9
6,2o+,71+,S,com_ambos,CM_tele,nao_usou,106,39,36.8
6,2o+,71+,S,com_crianca,CM_tele,nao_usou,98,43,43.9
6,2o+,71+,S,com_idoso,CM_tele,nao_usou,553,186,33.6
6,2o+,71+,S,solo,CM_tele,nao_usou,727,305,42.0
6,1o,00-20,N,com_crianca,cardiologia,nao_usou,117,71,60.7
6,1o,00-20,N,com_idoso,cardiologia,nao_usou,55,34,61.8
6,1o,00-20,N,solo,cardiologia,nao_usou,496,326,65.7
6,1o,21-30,N,com_ambos,cardiologia,nao_usou,206,103,50.0
6,1o,21-30,N,com_ambos,cardiologia,usou,30,23,76.7
6,1o,21-30,N,com_crianca,cardiologia,nao_usou,1288,833,64.7
6,1o,21-30,N,com_crianca,cardiologia,usou,63,39,61.9
6,1o,21-30,N,com_idoso,cardiologia,nao_usou,883,512,58.0
6,1o,21-30,N,com_idoso,cardiologia,usou,126,76,60.3
6,1o,21-30,N,solo,cardiologia,nao_usou,5894,3946,66.9
6,1o,21-30,N,solo,cardiologia,usou,276,190,68.8
6,1o,21-30,S,com_idoso,cardiologia,nao_usou,34,16,47.1
6,1o,21-30,S,solo,cardiologia,nao_usou,133,85,63.9
6,1o,21-30,S,solo,cardiologia,usou,45,31,68.9
6,1o,31-50,N,com_ambos,cardiologia,nao_usou,1793,970,54.1
6,1o,31-50,N,com_ambos,cardiologia,usou,288,134,46.5
6,1o,31-50,N,com_crianca,cardiologia,nao_usou,5459,3164,58.0
6,1o,31-50,N,com_crianca,cardiologia,usou,348,203,58.3
6,1o,31-50,N,com_idoso,cardiologia,nao_usou,3195,1731,54.2
6,1o,31-50,N,com_idoso,cardiologia,usou,514,283,55.1
6,1o,31-50,N,solo,cardiologia,nao_usou,11457,6981,60.9
6,1o,31-50,N,solo,cardiologia,usou,729,429,58.8
6,1o,31-50,S,com_ambos,cardiologia,nao_usou,165,83,50.3
6,1o,31-50,S,com_ambos,cardiologia,usou,76,39,51.3
6,1o,31-50,S,com_crianca,cardiologia,nao_usou,453,231,51.0
6,1o,31-50,S,com_crianca,cardiologia,usou,146,75,51.4
6,1o,31-50,S,com_idoso,cardiologia,nao_usou,282,165,58.5
6,1o,31-50,S,com_idoso,cardiologia,usou,134,64,47.8
6,1o,31-50,S,solo,cardiologia,nao_usou,1068,598,56.0
6,1o,31-50,S,solo,cardiologia,usou,349,201,57.6
6,1o,51-70,N,com_ambos,cardiologia,nao_usou,746,367,49.2
6,1o,51-70,N,com_ambos,cardiologia,usou,117,56,47.9
6,1o,51-70,N,com_crianca,cardiologia,nao_usou,1620,829,51.2
6,1o,51-70,N,com_crianca,cardiologia,usou,165,88,53.3
6,1o,51-70,N,com_idoso,cardiologia,nao_usou,2926,1447,49.5
6,1o,51-70,N,com_idoso,cardiologia,usou,533,271,50.8
6,1o,51-70,N,solo,cardiologia,nao_usou,7180,3929,54.7
6,1o,51-70,N,solo,cardiologia,usou,612,316,51.6
6,1o,51-70,S,com_ambos,cardiologia,nao_usou,163,76,46.6
6,1o,51-70,S,com_ambos,cardiologia,usou,81,31,38.3
6,1o,51-70,S,com_crianca,cardiologia,nao_usou,374,180,48.1
6,1o,51-70,S,com_crianca,cardiologia,usou,133,68,51.1
6,1o,51-70,S,com_idoso,cardiologia,nao_usou,839,385,45.9
6,1o,51-70,S,com_idoso,cardiologia,usou,397,172,43.3
6,1o,51-70,S,solo,cardiologia,nao_usou,1960,1043,53.2
6,1o,51-70,S,solo,cardiologia,usou,748,379,50.7
6,1o,71+,N,com_ambos,cardiologia,nao_usou,87,38,43.7
6,1o,71+,N,com_crianca,cardiologia,nao_usou,155,75,48.4
6,1o,71+,N,com_idoso,cardiologia,nao_usou,680,318,46.8
6,1o,71+,N,com_idoso,cardiologia,usou,128,61,47.7
6,1o,71+,N,solo,cardiologia,nao_usou,1402,723,51.6
6,1o,71+,N,solo,cardiologia,usou,164,83,50.6
6,1o,71+,S,com_crianca,cardiologia,nao_usou,56,27,48.2
6,1o,71+,S,com_crianca,cardiologia,usou,34,17,50.0
6,1o,71+,S,com_idoso,cardiologia,nao_usou,240,119,49.6
6,1o,71+,S,com_idoso,cardiologia,usou,144,71,49.3
6,1o,71+,S,solo,cardiologia,nao_usou,554,283,51.1
6,1o,71+,S,solo,cardiologia,usou,250,124,49.6
6,2o+,00-20,N,com_crianca,cardiologia,nao_usou,51,23,45.1
6,2o+,00-20,N,com_idoso,cardiologia,nao_usou,31,17,54.8
6,2o+,00-20,N,solo,cardiologia,nao_usou,191,110,57.6
6,2o+,21-30,N,com_ambos,cardiologia,nao_usou,245,94,38.4
6,2o+,21-30,N,com_crianca,cardiologia,nao_usou,646,345,53.4
6,2o+,21-30,N,com_idoso,cardiologia,nao_usou,730,331,45.3
6,2o+,21-30,N,solo,cardiologia,nao_usou,2494,1315,52.7
6,2o+,21-30,S,com_crianca,cardiologia,nao_usou,30,12,40.0
6,2o+,21-30,S,solo,cardiologia,nao_usou,87,48,55.2
6,2o+,31-50,N,com_ambos,cardiologia,nao_usou,1984,880,44.4
6,2o+,31-50,N,com_crianca,cardiologia,nao_usou,3939,1892,48.0
6,2o+,31-50,N,com_idoso,cardiologia,nao_usou,3263,1357,41.6
6,2o+,31-50,N,solo,cardiologia,nao_usou,6634,3299,49.7
6,2o+,31-50,S,com_ambos,cardiologia,nao_usou,285,109,38.2
6,2o+,31-50,S,com_crianca,cardiologia,nao_usou,547,249,45.5
6,2o+,31-50,S,com_idoso,cardiologia,nao_usou,510,180,35.3
6,2o+,31-50,S,solo,cardiologia,nao_usou,957,451,47.1
6,2o+,51-70,N,com_ambos,cardiologia,nao_usou,979,396,40.4
6,2o+,51-70,N,com_crianca,cardiologia,nao_usou,1527,633,41.5
6,2o+,51-70,N,com_idoso,cardiologia,nao_usou,3601,1434,39.8
6,2o+,51-70,N,solo,cardiologia,nao_usou,5427,2532,46.7
6,2o+,51-70,S,com_ambos,cardiologia,nao_usou,429,156,36.4
6,2o+,51-70,S,com_crianca,cardiologia,nao_usou,587,221,37.6
6,2o+,51-70,S,com_idoso,cardiologia,nao_usou,1723,625,36.3
6,2o+,51-70,S,solo,cardiologia,nao_usou,2419,1043,43.1
6,2o+,71+,N,com_ambos,cardiologia,nao_usou,138,51,37.0
6,2o+,71+,N,com_crianca,cardiologia,nao_usou,178,84,47.2
6,2o+,71+,N,com_idoso,cardiologia,nao_usou,913,377,41.3
6,2o+,71+,N,solo,cardiologia,nao_usou,1141,501,43.9
6,2o+,71+,S,com_ambos,cardiologia,nao_usou,106,39,36.8
6,2o+,71+,S,com_crianca,cardiologia,nao_usou,98,43,43.9
6,2o+,71+,S,com_idoso,cardiologia,nao_usou,553,186,33.6
6,2o+,71+,S,solo,cardiologia,nao_usou,727,305,42.0
6,1o,00-20,N,com_crianca,clinica_medica,nao_usou,89,55,61.8
6,1o,00-20,N,com_crianca,clinica_medica,usou,34,19,55.9
6,1o,00-20,N,com_idoso,clinica_medica,nao_usou,55,35,63.6
6,1o,00-20,N,solo,clinica_medica,nao_usou,439,287,65.4
6,1o,00-20,N,solo,clinica_medica,usou,72,50,69.4
6,1o,21-30,N,com_ambos,clinica_medica,nao_usou,149,77,51.7
6,1o,21-30,N,com_ambos,clinica_medica,usou,87,49,56.3
6,1o,21-30,N,com_crianca,clinica_medica,nao_usou,968,638,65.9
6,1o,21-30,N,com_crianca,clinica_medica,usou,383,234,61.1
6,1o,21-30,N,com_idoso,clinica_medica,nao_usou,638,360,56.4
6,1o,21-30,N,com_idoso,clinica_medica,usou,371,228,61.5
6,1o,21-30,N,solo,clinica_medica,nao_usou,4298,2847,66.2
6,1o,21-30,N,solo,clinica_medica,usou,1872,1289,68.9
6,1o,21-30,S,solo,clinica_medica,nao_usou,101,67,66.3
6,1o,21-30,S,solo,clinica_medica,usou,77,49,63.6
6,1o,31-50,N,com_ambos,clinica_medica,nao_usou,1491,794,53.3
6,1o,31-50,N,com_ambos,clinica_medica,usou,590,310,52.5
6,1o,31-50,N,com_crianca,clinica_medica,nao_usou,4386,2526,57.6
6,1o,31-50,N,com_crianca,clinica_medica,usou,1421,841,59.2
6,1o,31-50,N,com_idoso,clinica_medica,nao_usou,2608,1404,53.8
6,1o,31-50,N,com_idoso,clinica_medica,usou,1101,610,55.4
6,1o,31-50,N,solo,clinica_medica,nao_usou,9257,5581,60.3
6,1o,31-50,N,solo,clinica_medica,usou,2929,1829,62.4
6,1o,31-50,S,com_ambos,clinica_medica,nao_usou,146,70,47.9
6,1o,31-50,S,com_ambos,clinica_medica,usou,95,52,54.7
6,1o,31-50,S,com_crianca,clinica_medica,nao_usou,406,206,50.7
6,1o,31-50,S,com_crianca,clinica_medica,usou,193,100,51.8
6,1o,31-50,S,com_idoso,clinica_medica,nao_usou,262,142,54.2
6,1o,31-50,S,com_idoso,clinica_medica,usou,154,87,56.5
6,1o,31-50,S,solo,clinica_medica,nao_usou,1020,590,57.8
6,1o,31-50,S,solo,clinica_medica,usou,397,209,52.6
6,1o,51-70,N,com_ambos,clinica_medica,nao_usou,634,308,48.6
6,1o,51-70,N,com_ambos,clinica_medica,usou,229,115,50.2
6,1o,51-70,N,com_crianca,clinica_medica,nao_usou,1328,675,50.8
6,1o,51-70,N,com_crianca,clinica_medica,usou,457,242,53.0
6,1o,51-70,N,com_idoso,clinica_medica,nao_usou,2639,1313,49.8
6,1o,51-70,N,com_idoso,clinica_medica,usou,820,405,49.4
6,1o,51-70,N,solo,clinica_medica,nao_usou,6265,3415,54.5
6,1o,51-70,N,solo,clinica_medica,usou,1527,830,54.4
6,1o,51-70,S,com_ambos,clinica_medica,nao_usou,158,75,47.5
6,1o,51-70,S,com_ambos,clinica_medica,usou,86,32,37.2
6,1o,51-70,S,com_crianca,clinica_medica,nao_usou,341,175,51.3
6,1o,51-70,S,com_crianca,clinica_medica,usou,166,73,44.0
6,1o,51-70,S,com_idoso,clinica_medica,nao_usou,840,383,45.6
6,1o,51-70,S,com_idoso,clinica_medica,usou,396,174,43.9
6,1o,51-70,S,solo,clinica_medica,nao_usou,1996,1051,52.7
6,1o,51-70,S,solo,clinica_medica,usou,712,371,52.1
6,1o,71+,N,com_ambos,clinica_medica,nao_usou,85,42,49.4
6,1o,71+,N,com_crianca,clinica_medica,nao_usou,136,63,46.3
6,1o,71+,N,com_crianca,clinica_medica,usou,37,22,59.5
6,1o,71+,N,com_idoso,clinica_medica,nao_usou,630,303,48.1
6,1o,71+,N,com_idoso,clinica_medica,usou,178,76,42.7
6,1o,71+,N,solo,clinica_medica,nao_usou,1329,686,51.6
6,1o,71+,N,solo,clinica_medica,usou,237,120,50.6
6,1o,71+,S,com_ambos,clinica_medica,nao_usou,31,12,38.7
6,1o,71+,S,com_crianca,clinica_medica,nao_usou,70,36,51.4
6,1o,71+,S,com_idoso,clinica_medica,nao_usou,289,145,50.2
6,1o,71+,S,com_idoso,clinica_medica,usou,95,45,47.4
6,1o,71+,S,solo,clinica_medica,nao_usou,636,324,50.9
6,1o,71+,S,solo,clinica_medica,usou,168,83,49.4
6,2o+,00-20,N,com_crianca,clinica_medica,nao_usou,51,23,45.1
6,2o+,00-20,N,com_idoso,clinica_medica,nao_usou,31,17,54.8
6,2o+,00-20,N,solo,clinica_medica,nao_usou,191,110,57.6
6,2o+,21-30,N,com_ambos,clinica_medica,nao_usou,245,94,38.4
6,2o+,21-30,N,com_crianca,clinica_medica,nao_usou,646,345,53.4
6,2o+,21-30,N,com_idoso,clinica_medica,nao_usou,730,331,45.3
6,2o+,21-30,N,solo,clinica_medica,nao_usou,2494,1315,52.7
6,2o+,21-30,S,com_crianca,clinica_medica,nao_usou,30,12,40.0
6,2o+,21-30,S,solo,clinica_medica,nao_usou,87,48,55.2
6,2o+,31-50,N,com_ambos,clinica_medica,nao_usou,1984,880,44.4
6,2o+,31-50,N,com_crianca,clinica_medica,nao_usou,3939,1892,48.0
6,2o+,31-50,N,com_idoso,clinica_medica,nao_usou,3263,1357,41.6
6,2o+,31-50,N,solo,clinica_medica,nao_usou,6634,3299,49.7
6,2o+,31-50,S,com_ambos,clinica_medica,nao_usou,285,109,38.2
6,2o+,31-50,S,com_crianca,clinica_medica,nao_usou,547,249,45.5
6,2o+,31-50,S,com_idoso,clinica_medica,nao_usou,510,180,35.3
6,2o+,31-50,S,solo,clinica_medica,nao_usou,957,451,47.1
6,2o+,51-70,N,com_ambos,clinica_medica,nao_usou,979,396,40.4
6,2o+,51-70,N,com_crianca,clinica_medica,nao_usou,1527,633,41.5
6,2o+,51-70,N,com_idoso,clinica_medica,nao_usou,3601,1434,39.8
6,2o+,51-70,N,solo,clinica_medica,nao_usou,5427,2532,46.7
6,2o+,51-70,S,com_ambos,clinica_medica,nao_usou,429,156,36.4
6,2o+,51-70,S,com_crianca,clinica_medica,nao_usou,587,221,37.6
6,2o+,51-70,S,com_idoso,clinica_medica,nao_usou,1723,625,36.3
6,2o+,51-70,S,solo,clinica_medica,nao_usou,2419,1043,43.1
6,2o+,71+,N,com_ambos,clinica_medica,nao_usou,138,51,37.0
6,2o+,71+,N,com_crianca,clinica_medica,nao_usou,178,84,47.2
6,2o+,71+,N,com_idoso,clinica_medica,nao_usou,913,377,41.3
6,2o+,71+,N,solo,clinica_medica,nao_usou,1141,501,43.9
6,2o+,71+,S,com_ambos,clinica_medica,nao_usou,106,39,36.8
6,2o+,71+,S,com_crianca,clinica_medica,nao_usou,98,43,43.9
6,2o+,71+,S,com_idoso,clinica_medica,nao_usou,553,186,33.6
6,2o+,71+,S,solo,clinica_medica,nao_usou,727,305,42.0
6,1o,00-20,N,com_crianca,dermatologia,nao_usou,105,64,61.0
6,1o,00-20,N,com_idoso,dermatologia,nao_usou,49,31,63.3
6,1o,00-20,N,solo,dermatologia,nao_usou,465,304,65.4
6,1o,00-20,N,solo,dermatologia,usou,46,33,71.7
6,1o,21-30,N,com_ambos,dermatologia,nao_usou,200,107,53.5
6,1o,21-30,N,com_ambos,dermatologia,usou,36,19,52.8
6,1o,21-30,N,com_crianca,dermatologia,nao_usou,1187,776,65.4
6,1o,21-30,N,com_crianca,dermatologia,usou,164,96,58.5
6,1o,21-30,N,com_idoso,dermatologia,nao_usou,869,517,59.5
6,1o,21-30,N,com_idoso,dermatologia,usou,140,71,50.7
6,1o,21-30,N,solo,dermatologia,nao_usou,5486,3670,66.9
6,1o,21-30,N,solo,dermatologia,usou,684,466,68.1
6,1o,21-30,S,com_crianca,dermatologia,nao_usou,34,24,70.6
6,1o,21-30,S,com_idoso,dermatologia,nao_usou,42,19,45.2
6,1o,21-30,S,solo,dermatologia,nao_usou,160,107,66.9
6,1o,31-50,N,com_ambos,dermatologia,nao_usou,1797,962,53.5
6,1o,31-50,N,com_ambos,dermatologia,usou,284,142,50.0
6,1o,31-50,N,com_crianca,dermatologia,nao_usou,5104,2957,57.9
6,1o,31-50,N,com_crianca,dermatologia,usou,703,410,58.3
6,1o,31-50,N,com_idoso,dermatologia,nao_usou,3338,1812,54.3
6,1o,31-50,N,com_idoso,dermatologia,usou,371,202,54.4
6,1o,31-50,N,solo,dermatologia,nao_usou,11296,6909,61.2
6,1o,31-50,N,solo,dermatologia,usou,890,501,56.3
6,1o,31-50,S,com_ambos,dermatologia,nao_usou,214,108,50.5
6,1o,31-50,S,com_crianca,dermatologia,nao_usou,515,266,51.7
6,1o,31-50,S,com_crianca,dermatologia,usou,84,40,47.6
6,1o,31-50,S,com_idoso,dermatologia,nao_usou,381,212,55.6
6,1o,31-50,S,com_idoso,dermatologia,usou,35,17,48.6
6,1o,31-50,S,solo,dermatologia,nao_usou,1320,744,56.4
6,1o,31-50,S,solo,dermatologia,usou,97,55,56.7
6,1o,51-70,N,com_ambos,dermatologia,nao_usou,769,378,49.2
6,1o,51-70,N,com_ambos,dermatologia,usou,94,45,47.9
6,1o,51-70,N,com_crianca,dermatologia,nao_usou,1569,810,51.6
6,1o,51-70,N,com_crianca,dermatologia,usou,216,107,49.5
6,1o,51-70,N,com_idoso,dermatologia,nao_usou,3094,1543,49.9
6,1o,51-70,N,com_idoso,dermatologia,usou,365,175,47.9
6,1o,51-70,N,solo,dermatologia,nao_usou,7256,3971,54.7
6,1o,51-70,N,solo,dermatologia,usou,536,274,51.1
6,1o,51-70,S,com_ambos,dermatologia,nao_usou,212,92,43.4
6,1o,51-70,S,com_ambos,dermatologia,usou,32,15,46.9
6,1o,51-70,S,com_crianca,dermatologia,nao_usou,449,221,49.2
6,1o,51-70,S,com_crianca,dermatologia,usou,58,27,46.6
6,1o,51-70,S,com_idoso,dermatologia,nao_usou,1074,484,45.1
6,1o,51-70,S,com_idoso,dermatologia,usou,162,73,45.1
6,1o,51-70,S,solo,dermatologia,nao_usou,2523,1331,52.8
6,1o,51-70,S,solo,dermatologia,usou,185,91,49.2
6,1o,71+,N,com_ambos,dermatologia,nao_usou,90,39,43.3
6,1o,71+,N,com_crianca,dermatologia,nao_usou,151,74,49.0
6,1o,71+,N,com_idoso,dermatologia,nao_usou,739,339,45.9
6,1o,71+,N,com_idoso,dermatologia,usou,69,40,58.0
6,1o,71+,N,solo,dermatologia,nao_usou,1468,753,51.3
6,1o,71+,N,solo,dermatologia,usou,98,53,54.1
6,1o,71+,S,com_ambos,dermatologia,nao_usou,36,14,38.9
6,1o,71+,S,com_crianca,dermatologia,nao_usou,77,39,50.6
6,1o,71+,S,com_idoso,dermatologia,nao_usou,341,166,48.7
6,1o,71+,S,com_idoso,dermatologia,usou,43,24,55.8
6,1o,71+,S,solo,dermatologia,nao_usou,748,382,51.1
6,1o,71+,S,solo,dermatologia,usou,56,25,44.6
6,2o+,00-20,N,com_crianca,dermatologia,nao_usou,51,23,45.1
6,2o+,00-20,N,com_idoso,dermatologia,nao_usou,31,17,54.8
6,2o+,00-20,N,solo,dermatologia,nao_usou,191,110,57.6
6,2o+,21-30,N,com_ambos,dermatologia,nao_usou,245,94,38.4
6,2o+,21-30,N,com_crianca,dermatologia,nao_usou,646,345,53.4
6,2o+,21-30,N,com_idoso,dermatologia,nao_usou,730,331,45.3
6,2o+,21-30,N,solo,dermatologia,nao_usou,2494,1315,52.7
6,2o+,21-30,S,com_crianca,dermatologia,nao_usou,30,12,40.0
6,2o+,21-30,S,solo,dermatologia,nao_usou,87,48,55.2
6,2o+,31-50,N,com_ambos,dermatologia,nao_usou,1984,880,44.4
6,2o+,31-50,N,com_crianca,dermatologia,nao_usou,3939,1892,48.0
6,2o+,31-50,N,com_idoso,dermatologia,nao_usou,3263,1357,41.6
6,2o+,31-50,N,solo,dermatologia,nao_usou,6634,3299,49.7
6,2o+,31-50,S,com_ambos,dermatologia,nao_usou,285,109,38.2
6,2o+,31-50,S,com_crianca,dermatologia,nao_usou,547,249,45.5
6,2o+,31-50,S,com_idoso,dermatologia,nao_usou,510,180,35.3
6,2o+,31-50,S,solo,dermatologia,nao_usou,957,451,47.1
6,2o+,51-70,N,com_ambos,dermatologia,nao_usou,979,396,40.4
6,2o+,51-70,N,com_crianca,dermatologia,nao_usou,1527,633,41.5
6,2o+,51-70,N,com_idoso,dermatologia,nao_usou,3601,1434,39.8
6,2o+,51-70,N,solo,dermatologia,nao_usou,5427,2532,46.7
6,2o+,51-70,S,com_ambos,dermatologia,nao_usou,429,156,36.4
6,2o+,51-70,S,com_crianca,dermatologia,nao_usou,587,221,37.6
6,2o+,51-70,S,com_idoso,dermatologia,nao_usou,1723,625,36.3
6,2o+,51-70,S,solo,dermatologia,nao_usou,2419,1043,43.1
6,2o+,71+,N,com_ambos,dermatologia,nao_usou,138,51,37.0
6,2o+,71+,N,com_crianca,dermatologia,nao_usou,178,84,47.2
6,2o+,71+,N,com_idoso,dermatologia,nao_usou,913,377,41.3
6,2o+,71+,N,solo,dermatologia,nao_usou,1141,501,43.9
6,2o+,71+,S,com_ambos,dermatologia,nao_usou,106,39,36.8
6,2o+,71+,S,com_crianca,dermatologia,nao_usou,98,43,43.9
6,2o+,71+,S,com_idoso,dermatologia,nao_usou,553,186,33.6
6,2o+,71+,S,solo,dermatologia,nao_usou,727,305,42.0
6,1o,00-20,N,com_crianca,endocrinologia,nao_usou,109,69,63.3
6,1o,00-20,N,com_idoso,endocrinologia,nao_usou,61,39,63.9
6,1o,00-20,N,solo,endocrinologia,nao_usou,497,330,66.4
6,1o,21-30,N,com_ambos,endocrinologia,nao_usou,212,115,54.2
6,1o,21-30,N,com_crianca,endocrinologia,nao_usou,1270,817,64.3
6,1o,21-30,N,com_crianca,endocrinologia,usou,81,55,67.9
6,1o,21-30,N,com_idoso,endocrinologia,nao_usou,915,528,57.7
6,1o,21-30,N,com_idoso,endocrinologia,usou,94,60,63.8
6,1o,21-30,N,solo,endocrinologia,nao_usou,5809,3896,67.1
6,1o,21-30,N,solo,endocrinologia,usou,361,240,66.5
6,1o,21-30,S,com_crianca,endocrinologia,nao_usou,33,21,63.6
6,1o,21-30,S,com_idoso,endocrinologia,nao_usou,39,16,41.0
6,1o,21-30,S,solo,endocrinologia,nao_usou,141,95,67.4
6,1o,21-30,S,solo,endocrinologia,usou,37,21,56.8
6,1o,31-50,N,com_ambos,endocrinologia,nao_usou,1871,998,53.3
6,1o,31-50,N,com_ambos,endocrinologia,usou,210,106,50.5
6,1o,31-50,N,com_crianca,endocrinologia,nao_usou,5436,3166,58.2
6,1o,31-50,N,com_crianca,endocrinologia,usou,371,201,54.2
6,1o,31-50,N,com_idoso,endocrinologia,nao_usou,3338,1802,54.0
6,1o,31-50,N,com_idoso,endocrinologia,usou,371,212,57.1
6,1o,31-50,N,solo,endocrinologia,nao_usou,11343,6922,61.0
6,1o,31-50,N,solo,endocrinologia,usou,843,488,57.9
6,1o,31-50,S,com_ambos,endocrinologia,nao_usou,207,106,51.2
6,1o,31-50,S,com_ambos,endocrinologia,usou,34,16,47.1
6,1o,31-50,S,com_crianca,endocrinologia,nao_usou,503,247,49.1
6,1o,31-50,S,com_crianca,endocrinologia,usou,96,59,61.5
6,1o,31-50,S,com_idoso,endocrinologia,nao_usou,343,189,55.1
6,1o,31-50,S,com_idoso,endocrinologia,usou,73,40,54.8
6,1o,31-50,S,solo,endocrinologia,nao_usou,1172,664,56.7
6,1o,31-50,S,solo,endocrinologia,usou,245,135,55.1
6,1o,51-70,N,com_ambos,endocrinologia,nao_usou,808,392,48.5
6,1o,51-70,N,com_ambos,endocrinologia,usou,55,31,56.4
6,1o,51-70,N,com_crianca,endocrinologia,nao_usou,1679,860,51.2
6,1o,51-70,N,com_crianca,endocrinologia,usou,106,57,53.8
6,1o,51-70,N,com_idoso,endocrinologia,nao_usou,3199,1596,49.9
6,1o,51-70,N,com_idoso,endocrinologia,usou,260,122,46.9
6,1o,51-70,N,solo,endocrinologia,nao_usou,7402,4045,54.6
6,1o,51-70,N,solo,endocrinologia,usou,390,200,51.3
6,1o,51-70,S,com_ambos,endocrinologia,nao_usou,193,88,45.6
6,1o,51-70,S,com_ambos,endocrinologia,usou,51,19,37.3
6,1o,51-70,S,com_crianca,endocrinologia,nao_usou,412,212,51.5
6,1o,51-70,S,com_crianca,endocrinologia,usou,95,36,37.9
6,1o,51-70,S,com_idoso,endocrinologia,nao_usou,1000,446,44.6
6,1o,51-70,S,com_idoso,endocrinologia,usou,236,111,47.0
6,1o,51-70,S,solo,endocrinologia,nao_usou,2318,1218,52.5
6,1o,51-70,S,solo,endocrinologia,usou,390,204,52.3
6,1o,71+,N,com_ambos,endocrinologia,nao_usou,100,45,45.0
6,1o,71+,N,com_crianca,endocrinologia,nao_usou,157,79,50.3
6,1o,71+,N,com_idoso,endocrinologia,nao_usou,773,364,47.1
6,1o,71+,N,com_idoso,endocrinologia,usou,35,15,42.9
6,1o,71+,N,solo,endocrinologia,nao_usou,1526,790,51.8
6,1o,71+,N,solo,endocrinologia,usou,40,16,40.0
6,1o,71+,S,com_ambos,endocrinologia,nao_usou,40,14,35.0
6,1o,71+,S,com_crianca,endocrinologia,nao_usou,76,35,46.1
6,1o,71+,S,com_idoso,endocrinologia,nao_usou,338,174,51.5
6,1o,71+,S,com_idoso,endocrinologia,usou,46,16,34.8
6,1o,71+,S,solo,endocrinologia,nao_usou,723,365,50.5
6,1o,71+,S,solo,endocrinologia,usou,81,42,51.9
6,2o+,00-20,N,com_crianca,endocrinologia,nao_usou,51,23,45.1
6,2o+,00-20,N,com_idoso,endocrinologia,nao_usou,31,17,54.8
6,2o+,00-20,N,solo,endocrinologia,nao_usou,191,110,57.6
6,2o+,21-30,N,com_ambos,endocrinologia,nao_usou,245,94,38.4
6,2o+,21-30,N,com_crianca,endocrinologia,nao_usou,646,345,53.4
6,2o+,21-30,N,com_idoso,endocrinologia,nao_usou,730,331,45.3
6,2o+,21-30,N,solo,endocrinologia,nao_usou,2494,1315,52.7
6,2o+,21-30,S,com_crianca,endocrinologia,nao_usou,30,12,40.0
6,2o+,21-30,S,solo,endocrinologia,nao_usou,87,48,55.2
6,2o+,31-50,N,com_ambos,endocrinologia,nao_usou,1984,880,44.4
6,2o+,31-50,N,com_crianca,endocrinologia,nao_usou,3939,1892,48.0
6,2o+,31-50,N,com_idoso,endocrinologia,nao_usou,3263,1357,41.6
6,2o+,31-50,N,solo,endocrinologia,nao_usou,6634,3299,49.7
6,2o+,31-50,S,com_ambos,endocrinologia,nao_usou,285,109,38.2
6,2o+,31-50,S,com_crianca,endocrinologia,nao_usou,547,249,45.5
6,2o+,31-50,S,com_idoso,endocrinologia,nao_usou,510,180,35.3
6,2o+,31-50,S,solo,endocrinologia,nao_usou,957,451,47.1
6,2o+,51-70,N,com_ambos,endocrinologia,nao_usou,979,396,40.4
6,2o+,51-70,N,com_crianca,endocrinologia,nao_usou,1527,633,41.5
6,2o+,51-70,N,com_idoso,endocrinologia,nao_usou,3601,1434,39.8
6,2o+,51-70,N,solo,endocrinologia,nao_usou,5427,2532,46.7
6,2o+,51-70,S,com_ambos,endocrinologia,nao_usou,429,156,36.4
6,2o+,51-70,S,com_crianca,endocrinologia,nao_usou,587,221,37.6
6,2o+,51-70,S,com_idoso,endocrinologia,nao_usou,1723,625,36.3
6,2o+,51-70,S,solo,endocrinologia,nao_usou,2419,1043,43.1
6,2o+,71+,N,com_ambos,endocrinologia,nao_usou,138,51,37.0
6,2o+,71+,N,com_crianca,endocrinologia,nao_usou,178,84,47.2
6,2o+,71+,N,com_idoso,endocrinologia,nao_usou,913,377,41.3
6,2o+,71+,N,solo,endocrinologia,nao_usou,1141,501,43.9
6,2o+,71+,S,com_ambos,endocrinologia,nao_usou,106,39,36.8
6,2o+,71+,S,com_crianca,endocrinologia,nao_usou,98,43,43.9
6,2o+,71+,S,com_idoso,endocrinologia,nao_usou,553,186,33.6
6,2o+,71+,S,solo,endocrinologia,nao_usou,727,305,42.0
6,1o,00-20,N,com_crianca,exames,nao_usou,65,38,58.5
6,1o,00-20,N,com_crianca,exames,usou,58,36,62.1
6,1o,00-20,N,com_idoso,exames,nao_usou,32,26,81.3
6,1o,00-20,N,com_idoso,exames,usou,33,16,48.5
6,1o,00-20,N,solo,exames,nao_usou,329,223,67.8
6,1o,00-20,N,solo,exames,usou,182,114,62.6
6,1o,21-30,N,com_ambos,exames,nao_usou,85,56,65.9
6,1o,21-30,N,com_ambos,exames,usou,151,70,46.4
6,1o,21-30,N,com_crianca,exames,nao_usou,699,458,65.5
6,1o,21-30,N,com_crianca,exames,usou,652,414,63.5
6,1o,21-30,N,com_idoso,exames,nao_usou,418,240,57.4
6,1o,21-30,N,com_idoso,exames,usou,591,348,58.9
6,1o,21-30,N,solo,exames,nao_usou,3288,2215,67.4
6,1o,21-30,N,solo,exames,usou,2882,1921,66.7
6,1o,21-30,S,solo,exames,nao_usou,66,46,69.7
6,1o,21-30,S,solo,exames,usou,112,70,62.5
6,1o,31-50,N,com_ambos,exames,nao_usou,851,485,57.0
6,1o,31-50,N,com_ambos,exames,usou,1230,619,50.3
6,1o,31-50,N,com_crianca,exames,nao_usou,2746,1623,59.1
6,1o,31-50,N,com_crianca,exames,usou,3061,1744,57.0
6,1o,31-50,N,com_idoso,exames,nao_usou,1520,832,54.7
6,1o,31-50,N,com_idoso,exames,usou,2189,1182,54.0
6,1o,31-50,N,solo,exames,nao_usou,6266,3911,62.4
6,1o,31-50,N,solo,exames,usou,5920,3499,59.1
6,1o,31-50,S,com_ambos,exames,nao_usou,84,48,57.1
6,1o,31-50,S,com_ambos,exames,usou,157,74,47.1
6,1o,31-50,S,com_crianca,exames,nao_usou,219,116,53.0
6,1o,31-50,S,com_crianca,exames,usou,380,190,50.0
6,1o,31-50,S,com_idoso,exames,nao_usou,138,81,58.7
6,1o,31-50,S,com_idoso,exames,usou,278,148,53.2
6,1o,31-50,S,solo,exames,nao_usou,580,346,59.7
6,1o,31-50,S,solo,exames,usou,837,453,54.1
6,1o,51-70,N,com_ambos,exames,nao_usou,359,187,52.1
6,1o,51-70,N,com_ambos,exames,usou,504,236,46.8
6,1o,51-70,N,com_crianca,exames,nao_usou,819,429,52.4
6,1o,51-70,N,com_crianca,exames,usou,966,488,50.5
6,1o,51-70,N,com_idoso,exames,nao_usou,1438,723,50.3
6,1o,51-70,N,com_idoso,exames,usou,2021,995,49.2
6,1o,51-70,N,solo,exames,nao_usou,3825,2139,55.9
6,1o,51-70,N,solo,exames,usou,3967,2106,53.1
6,1o,51-70,S,com_ambos,exames,nao_usou,69,35,50.7
6,1o,51-70,S,com_ambos,exames,usou,175,72,41.1
6,1o,51-70,S,com_crianca,exames,nao_usou,168,88,52.4
6,1o,51-70,S,com_crianca,exames,usou,339,160,47.2
6,1o,51-70,S,com_idoso,exames,nao_usou,382,182,47.6
6,1o,51-70,S,com_idoso,exames,usou,854,375,43.9
6,1o,51-70,S,solo,exames,nao_usou,1090,610,56.0
6,1o,51-70,S,solo,exames,usou,1618,812,50.2
6,1o,71+,N,com_ambos,exames,nao_usou,39,17,43.6
6,1o,71+,N,com_ambos,exames,usou,65,29,44.6
6,1o,71+,N,com_crianca,exames,nao_usou,74,36,48.6
6,1o,71+,N,com_crianca,exames,usou,99,49,49.5
6,1o,71+,N,com_idoso,exames,nao_usou,352,176,50.0
6,1o,71+,N,com_idoso,exames,usou,456,203,44.5
6,1o,71+,N,solo,exames,nao_usou,777,409,52.6
6,1o,71+,N,solo,exames,usou,789,397,50.3
6,1o,71+,S,com_ambos,exames,usou,30,13,43.3
6,1o,71+,S,com_crianca,exames,nao_usou,34,13,38.2
6,1o,71+,S,com_crianca,exames,usou,56,31,55.4
6,1o,71+,S,com_idoso,exames,nao_usou,133,66,49.6
6,1o,71+,S,com_idoso,exames,usou,251,124,49.4
6,1o,71+,S,solo,exames,nao_usou,320,166,51.9
6,1o,71+,S,solo,exames,usou,484,241,49.8
6,2o+,00-20,N,com_crianca,exames,nao_usou,51,23,45.1
6,2o+,00-20,N,com_idoso,exames,nao_usou,31,17,54.8
6,2o+,00-20,N,solo,exames,nao_usou,191,110,57.6
6,2o+,21-30,N,com_ambos,exames,nao_usou,245,94,38.4
6,2o+,21-30,N,com_crianca,exames,nao_usou,646,345,53.4
6,2o+,21-30,N,com_idoso,exames,nao_usou,730,331,45.3
6,2o+,21-30,N,solo,exames,nao_usou,2494,1315,52.7
6,2o+,21-30,S,com_crianca,exames,nao_usou,30,12,40.0
6,2o+,21-30,S,solo,exames,nao_usou,87,48,55.2
6,2o+,31-50,N,com_ambos,exames,nao_usou,1984,880,44.4
6,2o+,31-50,N,com_crianca,exames,nao_usou,3939,1892,48.0
6,2o+,31-50,N,com_idoso,exames,nao_usou,3263,1357,41.6
6,2o+,31-50,N,solo,exames,nao_usou,6634,3299,49.7
6,2o+,31-50,S,com_ambos,exames,nao_usou,285,109,38.2
6,2o+,31-50,S,com_crianca,exames,nao_usou,547,249,45.5
6,2o+,31-50,S,com_idoso,exames,nao_usou,510,180,35.3
6,2o+,31-50,S,solo,exames,nao_usou,957,451,47.1
6,2o+,51-70,N,com_ambos,exames,nao_usou,979,396,40.4
6,2o+,51-70,N,com_crianca,exames,nao_usou,1527,633,41.5
6,2o+,51-70,N,com_idoso,exames,nao_usou,3601,1434,39.8
6,2o+,51-70,N,solo,exames,nao_usou,5427,2532,46.7
6,2o+,51-70,S,com_ambos,exames,nao_usou,429,156,36.4
6,2o+,51-70,S,com_crianca,exames,nao_usou,587,221,37.6
6,2o+,51-70,S,com_idoso,exames,nao_usou,1723,625,36.3
6,2o+,51-70,S,solo,exames,nao_usou,2419,1043,43.1
6,2o+,71+,N,com_ambos,exames,nao_usou,138,51,37.0
6,2o+,71+,N,com_crianca,exames,nao_usou,178,84,47.2
6,2o+,71+,N,com_idoso,exames,nao_usou,913,377,41.3
6,2o+,71+,N,solo,exames,nao_usou,1141,501,43.9
6,2o+,71+,S,com_ambos,exames,nao_usou,106,39,36.8
6,2o+,71+,S,com_crianca,exames,nao_usou,98,43,43.9
6,2o+,71+,S,com_idoso,exames,nao_usou,553,186,33.6
6,2o+,71+,S,solo,exames,nao_usou,727,305,42.0
6,1o,00-20,N,com_crianca,ginecologia,nao_usou,94,60,63.8
6,1o,00-20,N,com_idoso,ginecologia,nao_usou,52,35,67.3
6,1o,00-20,N,solo,ginecologia,nao_usou,451,298,66.1
6,1o,00-20,N,solo,ginecologia,usou,60,39,65.0
6,1o,21-30,N,com_ambos,ginecologia,nao_usou,178,95,53.4
6,1o,21-30,N,com_ambos,ginecologia,usou,58,31,53.4
6,1o,21-30,N,com_crianca,ginecologia,nao_usou,1084,703,64.9
6,1o,21-30,N,com_crianca,ginecologia,usou,267,169,63.3
6,1o,21-30,N,com_idoso,ginecologia,nao_usou,776,460,59.3
6,1o,21-30,N,com_idoso,ginecologia,usou,233,128,54.9
6,1o,21-30,N,solo,ginecologia,nao_usou,4931,3309,67.1
6,1o,21-30,N,solo,ginecologia,usou,1239,827,66.7
6,1o,21-30,S,com_crianca,ginecologia,nao_usou,33,23,69.7
6,1o,21-30,S,com_idoso,ginecologia,nao_usou,39,16,41.0
6,1o,21-30,S,solo,ginecologia,nao_usou,148,97,65.5
6,1o,21-30,S,solo,ginecologia,usou,30,19,63.3
6,1o,31-50,N,com_ambos,ginecologia,nao_usou,1655,890,53.8
6,1o,31-50,N,com_ambos,ginecologia,usou,426,214,50.2
6,1o,31-50,N,com_crianca,ginecologia,nao_usou,4687,2758,58.8
6,1o,31-50,N,com_crianca,ginecologia,usou,1120,609,54.4
6,1o,31-50,N,com_idoso,ginecologia,nao_usou,3049,1668,54.7
6,1o,31-50,N,com_idoso,ginecologia,usou,660,346,52.4
6,1o,31-50,N,solo,ginecologia,nao_usou,10207,6186,60.6
6,1o,31-50,N,solo,ginecologia,usou,1979,1224,61.8
6,1o,31-50,S,com_ambos,ginecologia,nao_usou,188,96,51.1
6,1o,31-50,S,com_ambos,ginecologia,usou,53,26,49.1
6,1o,31-50,S,com_crianca,ginecologia,nao_usou,466,245,52.6
6,1o,31-50,S,com_crianca,ginecologia,usou,133,61,45.9
6,1o,31-50,S,com_idoso,ginecologia,nao_usou,342,181,52.9
6,1o,31-50,S,com_idoso,ginecologia,usou,74,48,64.9
6,1o,31-50,S,solo,ginecologia,nao_usou,1205,679,56.3
6,1o,31-50,S,solo,ginecologia,usou,212,120,56.6
6,1o,51-70,N,com_ambos,ginecologia,nao_usou,742,367,49.5
6,1o,51-70,N,com_ambos,ginecologia,usou,121,56,46.3
6,1o,51-70,N,com_crianca,ginecologia,nao_usou,1500,759,50.6
6,1o,51-70,N,com_crianca,ginecologia,usou,285,158,55.4
6,1o,51-70,N,com_idoso,ginecologia,nao_usou,3022,1507,49.9
6,1o,51-70,N,com_idoso,ginecologia,usou,437,211,48.3
6,1o,51-70,N,solo,ginecologia,nao_usou,6977,3814,54.7
6,1o,51-70,N,solo,ginecologia,usou,815,431,52.9
6,1o,51-70,S,com_ambos,ginecologia,nao_usou,200,90,45.0
6,1o,51-70,S,com_ambos,ginecologia,usou,44,17,38.6
6,1o,51-70,S,com_crianca,ginecologia,nao_usou,416,204,49.0
6,1o,51-70,S,com_crianca,ginecologia,usou,91,44,48.4
6,1o,51-70,S,com_idoso,ginecologia,nao_usou,1026,470,45.8
6,1o,51-70,S,com_idoso,ginecologia,usou,210,87,41.4
6,1o,51-70,S,solo,ginecologia,nao_usou,2384,1254,52.6
6,1o,51-70,S,solo,ginecologia,usou,324,168,51.9
6,1o,71+,N,com_ambos,ginecologia,nao_usou,91,43,47.3
6,1o,71+,N,com_crianca,ginecologia,nao_usou,145,73,50.3
6,1o,71+,N,com_idoso,ginecologia,nao_usou,761,364,47.8
6,1o,71+,N,com_idoso,ginecologia,usou,47,15,31.9
6,1o,71+,N,solo,ginecologia,nao_usou,1489,762,51.2
6,1o,71+,N,solo,ginecologia,usou,77,44,57.1
6,1o,71+,S,com_ambos,ginecologia,nao_usou,40,16,40.0
6,1o,71+,S,com_crianca,ginecologia,nao_usou,82,39,47.6
6,1o,71+,S,com_idoso,ginecologia,nao_usou,354,174,49.2
6,1o,71+,S,com_idoso,ginecologia,usou,30,16,53.3
6,1o,71+,S,solo,ginecologia,nao_usou,761,391,51.4
6,1o,71+,S,solo,ginecologia,usou,43,16,37.2
6,2o+,00-20,N,com_crianca,ginecologia,nao_usou,51,23,45.1
6,2o+,00-20,N,com_idoso,ginecologia,nao_usou,31,17,54.8
6,2o+,00-20,N,solo,ginecologia,nao_usou,191,110,57.6
6,2o+,21-30,N,com_ambos,ginecologia,nao_usou,245,94,38.4
6,2o+,21-30,N,com_crianca,ginecologia,nao_usou,646,345,53.4
6,2o+,21-30,N,com_idoso,ginecologia,nao_usou,730,331,45.3
6,2o+,21-30,N,solo,ginecologia,nao_usou,2494,1315,52.7
6,2o+,21-30,S,com_crianca,ginecologia,nao_usou,30,12,40.0
6,2o+,21-30,S,solo,ginecologia,nao_usou,87,48,55.2
6,2o+,31-50,N,com_ambos,ginecologia,nao_usou,1984,880,44.4
6,2o+,31-50,N,com_crianca,ginecologia,nao_usou,3939,1892,48.0
6,2o+,31-50,N,com_idoso,ginecologia,nao_usou,3263,1357,41.6
6,2o+,31-50,N,solo,ginecologia,nao_usou,6634,3299,49.7
6,2o+,31-50,S,com_ambos,ginecologia,nao_usou,285,109,38.2
6,2o+,31-50,S,com_crianca,ginecologia,nao_usou,547,249,45.5
6,2o+,31-50,S,com_idoso,ginecologia,nao_usou,510,180,35.3
6,2o+,31-50,S,solo,ginecologia,nao_usou,957,451,47.1
6,2o+,51-70,N,com_ambos,ginecologia,nao_usou,979,396,40.4
6,2o+,51-70,N,com_crianca,ginecologia,nao_usou,1527,633,41.5
6,2o+,51-70,N,com_idoso,ginecologia,nao_usou,3601,1434,39.8
6,2o+,51-70,N,solo,ginecologia,nao_usou,5427,2532,46.7
6,2o+,51-70,S,com_ambos,ginecologia,nao_usou,429,156,36.4
6,2o+,51-70,S,com_crianca,ginecologia,nao_usou,587,221,37.6
6,2o+,51-70,S,com_idoso,ginecologia,nao_usou,1723,625,36.3
6,2o+,51-70,S,solo,ginecologia,nao_usou,2419,1043,43.1
6,2o+,71+,N,com_ambos,ginecologia,nao_usou,138,51,37.0
6,2o+,71+,N,com_crianca,ginecologia,nao_usou,178,84,47.2
6,2o+,71+,N,com_idoso,ginecologia,nao_usou,913,377,41.3
6,2o+,71+,N,solo,ginecologia,nao_usou,1141,501,43.9
6,2o+,71+,S,com_ambos,ginecologia,nao_usou,106,39,36.8
6,2o+,71+,S,com_crianca,ginecologia,nao_usou,98,43,43.9
6,2o+,71+,S,com_idoso,ginecologia,nao_usou,553,186,33.6
6,2o+,71+,S,solo,ginecologia,nao_usou,727,305,42.0
6,1o,00-20,N,com_crianca,ortopedia,nao_usou,119,72,60.5
6,1o,00-20,N,com_idoso,ortopedia,nao_usou,58,38,65.5
6,1o,00-20,N,solo,ortopedia,nao_usou,485,325,67.0
6,1o,21-30,N,com_ambos,ortopedia,nao_usou,191,105,55.0
6,1o,21-30,N,com_ambos,ortopedia,usou,45,21,46.7
6,1o,21-30,N,com_crianca,ortopedia,nao_usou,1249,807,64.6
6,1o,21-30,N,com_crianca,ortopedia,usou,102,65,63.7
6,1o,21-30,N,com_idoso,ortopedia,nao_usou,884,519,58.7
6,1o,21-30,N,com_idoso,ortopedia,usou,125,69,55.2
6,1o,21-30,N,solo,ortopedia,nao_usou,5756,3877,67.4
6,1o,21-30,N,solo,ortopedia,usou,414,259,62.6
6,1o,21-30,S,com_crianca,ortopedia,nao_usou,34,24,70.6
6,1o,21-30,S,com_idoso,ortopedia,nao_usou,43,20,46.5
6,1o,21-30,S,solo,ortopedia,nao_usou,163,104,63.8
6,1o,31-50,N,com_ambos,ortopedia,nao_usou,1782,939,52.7
6,1o,31-50,N,com_ambos,ortopedia,usou,299,165,55.2
6,1o,31-50,N,com_crianca,ortopedia,nao_usou,5204,2999,57.6
6,1o,31-50,N,com_crianca,ortopedia,usou,603,368,61.0
6,1o,31-50,N,com_idoso,ortopedia,nao_usou,3186,1753,55.0
6,1o,31-50,N,com_idoso,ortopedia,usou,523,261,49.9
6,1o,31-50,N,solo,ortopedia,nao_usou,10974,6653,60.6
6,1o,31-50,N,solo,ortopedia,usou,1212,757,62.5
6,1o,31-50,S,com_ambos,ortopedia,nao_usou,196,104,53.1
6,1o,31-50,S,com_ambos,ortopedia,usou,45,18,40.0
6,1o,31-50,S,com_crianca,ortopedia,nao_usou,517,266,51.5
6,1o,31-50,S,com_crianca,ortopedia,usou,82,40,48.8
6,1o,31-50,S,com_idoso,ortopedia,nao_usou,345,187,54.2
6,1o,31-50,S,com_idoso,ortopedia,usou,71,42,59.2
6,1o,31-50,S,solo,ortopedia,nao_usou,1275,729,57.2
6,1o,31-50,S,solo,ortopedia,usou,142,70,49.3
6,1o,51-70,N,com_ambos,ortopedia,nao_usou,694,341,49.1
6,1o,51-70,N,com_ambos,ortopedia,usou,169,82,48.5
6,1o,51-70,N,com_crianca,ortopedia,nao_usou,1523,780,51.2
6,1o,51-70,N,com_crianca,ortopedia,usou,262,137,52.3
6,1o,51-70,N,com_idoso,ortopedia,nao_usou,2878,1429,49.7
6,1o,51-70,N,com_idoso,ortopedia,usou,581,289,49.7
6,1o,51-70,N,solo,ortopedia,nao_usou,6666,3623,54.4
6,1o,51-70,N,solo,ortopedia,usou,1126,622,55.2
6,1o,51-70,S,com_ambos,ortopedia,nao_usou,186,87,46.8
6,1o,51-70,S,com_ambos,ortopedia,usou,58,20,34.5
6,1o,51-70,S,com_crianca,ortopedia,nao_usou,438,220,50.2
6,1o,51-70,S,com_crianca,ortopedia,usou,69,28,40.6
6,1o,51-70,S,com_idoso,ortopedia,nao_usou,983,446,45.4
6,1o,51-70,S,com_idoso,ortopedia,usou,253,111,43.9
6,1o,51-70,S,solo,ortopedia,nao_usou,2348,1233,52.5
6,1o,51-70,S,solo,ortopedia,usou,360,189,52.5
6,1o,71+,N,com_ambos,ortopedia,nao_usou,83,39,47.0
6,1o,71+,N,com_crianca,ortopedia,nao_usou,145,71,49.0
6,1o,71+,N,com_idoso,ortopedia,nao_usou,683,322,47.1
6,1o,71+,N,com_idoso,ortopedia,usou,125,57,45.6
6,1o,71+,N,solo,ortopedia,nao_usou,1356,707,52.1
6,1o,71+,N,solo,ortopedia,usou,210,99,47.1
6,1o,71+,S,com_ambos,ortopedia,nao_usou,36,14,38.9
6,1o,71+,S,com_crianca,ortopedia,nao_usou,69,33,47.8
6,1o,71+,S,com_idoso,ortopedia,nao_usou,320,158,49.4
6,1o,71+,S,com_idoso,ortopedia,usou,64,32,50.0
6,1o,71+,S,solo,ortopedia,nao_usou,700,352,50.3
6,1o,71+,S,solo,ortopedia,usou,104,55,52.9
6,2o+,00-20,N,com_crianca,ortopedia,nao_usou,51,23,45.1
6,2o+,00-20,N,com_idoso,ortopedia,nao_usou,31,17,54.8
6,2o+,00-20,N,solo,ortopedia,nao_usou,191,110,57.6
6,2o+,21-30,N,com_ambos,ortopedia,nao_usou,245,94,38.4
6,2o+,21-30,N,com_crianca,ortopedia,nao_usou,646,345,53.4
6,2o+,21-30,N,com_idoso,ortopedia,nao_usou,730,331,45.3
6,2o+,21-30,N,solo,ortopedia,nao_usou,2494,1315,52.7
6,2o+,21-30,S,com_crianca,ortopedia,nao_usou,30,12,40.0
6,2o+,21-30,S,solo,ortopedia,nao_usou,87,48,55.2
6,2o+,31-50,N,com_ambos,ortopedia,nao_usou,1984,880,44.4
6,2o+,31-50,N,com_crianca,ortopedia,nao_usou,3939,1892,48.0
6,2o+,31-50,N,com_idoso,ortopedia,nao_usou,3263,1357,41.6
6,2o+,31-50,N,solo,ortopedia,nao_usou,6634,3299,49.7
6,2o+,31-50,S,com_ambos,ortopedia,nao_usou,285,109,38.2
6,2o+,31-50,S,com_crianca,ortopedia,nao_usou,547,249,45.5
6,2o+,31-50,S,com_idoso,ortopedia,nao_usou,510,180,35.3
6,2o+,31-50,S,solo,ortopedia,nao_usou,957,451,47.1
6,2o+,51-70,N,com_ambos,ortopedia,nao_usou,979,396,40.4
6,2o+,51-70,N,com_crianca,ortopedia,nao_usou,1527,633,41.5
6,2o+,51-70,N,com_idoso,ortopedia,nao_usou,3601,1434,39.8
6,2o+,51-70,N,solo,ortopedia,nao_usou,5427,2532,46.7
6,2o+,51-70,S,com_ambos,ortopedia,nao_usou,429,156,36.4
6,2o+,51-70,S,com_crianca,ortopedia,nao_usou,587,221,37.6
6,2o+,51-70,S,com_idoso,ortopedia,nao_usou,1723,625,36.3
6,2o+,51-70,S,solo,ortopedia,nao_usou,2419,1043,43.1
6,2o+,71+,N,com_ambos,ortopedia,nao_usou,138,51,37.0
6,2o+,71+,N,com_crianca,ortopedia,nao_usou,178,84,47.2
6,2o+,71+,N,com_idoso,ortopedia,nao_usou,913,377,41.3
6,2o+,71+,N,solo,ortopedia,nao_usou,1141,501,43.9
6,2o+,71+,S,com_ambos,ortopedia,nao_usou,106,39,36.8
6,2o+,71+,S,com_crianca,ortopedia,nao_usou,98,43,43.9
6,2o+,71+,S,com_idoso,ortopedia,nao_usou,553,186,33.6
6,2o+,71+,S,solo,ortopedia,nao_usou,727,305,42.0
6,1o,00-20,N,com_crianca,pediatria,nao_usou,98,55,56.1
6,1o,00-20,N,com_idoso,pediatria,nao_usou,56,36,64.3
6,1o,00-20,N,solo,pediatria,nao_usou,466,306,65.7
6,1o,00-20,N,solo,pediatria,usou,45,31,68.9
6,1o,21-30,N,com_ambos,pediatria,nao_usou,184,95,51.6
6,1o,21-30,N,com_ambos,pediatria,usou,52,31,59.6
6,1o,21-30,N,com_crianca,pediatria,nao_usou,1044,678,64.9
6,1o,21-30,N,com_crianca,pediatria,usou,307,194,63.2
6,1o,21-30,N,com_idoso,pediatria,nao_usou,1006,585,58.2
6,1o,21-30,N,solo,pediatria,nao_usou,6163,4130,67.0
6,1o,21-30,S,com_crianca,pediatria,nao_usou,35,22,62.9
6,1o,21-30,S,com_idoso,pediatria,nao_usou,46,21,45.7
6,1o,21-30,S,solo,pediatria,nao_usou,178,116,65.2
6,1o,31-50,N,com_ambos,pediatria,nao_usou,1819,955,52.5
6,1o,31-50,N,com_ambos,pediatria,usou,262,149,56.9
6,1o,31-50,N,com_crianca,pediatria,nao_usou,4848,2794,57.6
6,1o,31-50,N,com_crianca,pediatria,usou,959,573,59.7
6,1o,31-50,N,com_idoso,pediatria,nao_usou,3704,2012,54.3
6,1o,31-50,N,solo,pediatria,nao_usou,12178,7403,60.8
6,1o,31-50,S,com_ambos,pediatria,nao_usou,207,105,50.7
6,1o,31-50,S,com_ambos,pediatria,usou,34,17,50.0
6,1o,31-50,S,com_crianca,pediatria,nao_usou,512,253,49.4
6,1o,31-50,S,com_crianca,pediatria,usou,87,53,60.9
6,1o,31-50,S,com_idoso,pediatria,nao_usou,416,229,55.0
6,1o,31-50,S,solo,pediatria,nao_usou,1417,799,56.4
6,1o,51-70,N,com_ambos,pediatria,nao_usou,782,386,49.4
6,1o,51-70,N,com_ambos,pediatria,usou,81,37,45.7
6,1o,51-70,N,com_crianca,pediatria,nao_usou,1638,824,50.3
6,1o,51-70,N,com_crianca,pediatria,usou,147,93,63.3
6,1o,51-70,N,com_idoso,pediatria,nao_usou,3459,1718,49.7
6,1o,51-70,N,solo,pediatria,nao_usou,7790,4245,54.5
6,1o,51-70,S,com_ambos,pediatria,nao_usou,222,98,44.1
6,1o,51-70,S,com_crianca,pediatria,nao_usou,449,217,48.3
6,1o,51-70,S,com_crianca,pediatria,usou,58,31,53.4
6,1o,51-70,S,com_idoso,pediatria,nao_usou,1235,557,45.1
6,1o,51-70,S,solo,pediatria,nao_usou,2708,1422,52.5
6,1o,71+,N,com_ambos,pediatria,nao_usou,100,46,46.0
6,1o,71+,N,com_crianca,pediatria,nao_usou,156,77,49.4
6,1o,71+,N,com_idoso,pediatria,nao_usou,808,379,46.9
6,1o,71+,N,solo,pediatria,nao_usou,1566,806,51.5
6,1o,71+,S,com_ambos,pediatria,nao_usou,43,17,39.5
6,1o,71+,S,com_crianca,pediatria,nao_usou,79,38,48.1
6,1o,71+,S,com_idoso,pediatria,nao_usou,384,190,49.5
6,1o,71+,S,solo,pediatria,nao_usou,804,407,50.6
6,2o+,00-20,N,com_crianca,pediatria,nao_usou,51,23,45.1
6,2o+,00-20,N,com_idoso,pediatria,nao_usou,31,17,54.8
6,2o+,00-20,N,solo,pediatria,nao_usou,191,110,57.6
6,2o+,21-30,N,com_ambos,pediatria,nao_usou,245,94,38.4
6,2o+,21-30,N,com_crianca,pediatria,nao_usou,646,345,53.4
6,2o+,21-30,N,com_idoso,pediatria,nao_usou,730,331,45.3
6,2o+,21-30,N,solo,pediatria,nao_usou,2494,1315,52.7
6,2o+,21-30,S,com_crianca,pediatria,nao_usou,30,12,40.0
6,2o+,21-30,S,solo,pediatria,nao_usou,87,48,55.2
6,2o+,31-50,N,com_ambos,pediatria,nao_usou,1984,880,44.4
6,2o+,31-50,N,com_crianca,pediatria,nao_usou,3939,1892,48.0
6,2o+,31-50,N,com_idoso,pediatria,nao_usou,3263,1357,41.6
6,2o+,31-50,N,solo,pediatria,nao_usou,6634,3299,49.7
6,2o+,31-50,S,com_ambos,pediatria,nao_usou,285,109,38.2
6,2o+,31-50,S,com_crianca,pediatria,nao_usou,547,249,45.5
6,2o+,31-50,S,com_idoso,pediatria,nao_usou,510,180,35.3
6,2o+,31-50,S,solo,pediatria,nao_usou,957,451,47.1
6,2o+,51-70,N,com_ambos,pediatria,nao_usou,979,396,40.4
6,2o+,51-70,N,com_crianca,pediatria,nao_usou,1527,633,41.5
6,2o+,51-70,N,com_idoso,pediatria,nao_usou,3601,1434,39.8
6,2o+,51-70,N,solo,pediatria,nao_usou,5427,2532,46.7
6,2o+,51-70,S,com_ambos,pediatria,nao_usou,429,156,36.4
6,2o+,51-70,S,com_crianca,pediatria,nao_usou,587,221,37.6
6,2o+,51-70,S,com_idoso,pediatria,nao_usou,1723,625,36.3
6,2o+,51-70,S,solo,pediatria,nao_usou,2419,1043,43.1
6,2o+,71+,N,com_ambos,pediatria,nao_usou,138,51,37.0
6,2o+,71+,N,com_crianca,pediatria,nao_usou,178,84,47.2
6,2o+,71+,N,com_idoso,pediatria,nao_usou,913,377,41.3
6,2o+,71+,N,solo,pediatria,nao_usou,1141,501,43.9
6,2o+,71+,S,com_ambos,pediatria,nao_usou,106,39,36.8
6,2o+,71+,S,com_crianca,pediatria,nao_usou,98,43,43.9
6,2o+,71+,S,com_idoso,pediatria,nao_usou,553,186,33.6
6,2o+,71+,S,solo,pediatria,nao_usou,727,305,42.0
6,1o,00-20,N,com_crianca,psiquiatria,nao_usou,115,69,60.0
6,1o,00-20,N,com_idoso,psiquiatria,nao_usou,55,34,61.8
6,1o,00-20,N,solo,psiquiatria,nao_usou,480,314,65.4
6,1o,00-20,N,solo,psiquiatria,usou,31,23,74.2
6,1o,21-30,N,com_ambos,psiquiatria,nao_usou,208,111,53.4
6,1o,21-30,N,com_crianca,psiquiatria,nao_usou,1217,778,63.9
6,1o,21-30,N,com_crianca,psiquiatria,usou,134,94,70.1
6,1o,21-30,N,com_idoso,psiquiatria,nao_usou,849,494,58.2
6,1o,21-30,N,com_idoso,psiquiatria,usou,160,94,58.8
6,1o,21-30,N,solo,psiquiatria,nao_usou,5378,3609,67.1
6,1o,21-30,N,solo,psiquiatria,usou,792,527,66.5
6,1o,21-30,S,com_crianca,psiquiatria,nao_usou,32,19,59.4
6,1o,21-30,S,com_idoso,psiquiatria,nao_usou,38,17,44.7
6,1o,21-30,S,solo,psiquiatria,nao_usou,160,103,64.4
6,1o,31-50,N,com_ambos,psiquiatria,nao_usou,1853,967,52.2
6,1o,31-50,N,com_ambos,psiquiatria,usou,228,137,60.1
6,1o,31-50,N,com_crianca,psiquiatria,nao_usou,5316,3084,58.0
6,1o,31-50,N,com_crianca,psiquiatria,usou,491,283,57.6
6,1o,31-50,N,com_idoso,psiquiatria,nao_usou,3191,1724,54.0
6,1o,31-50,N,com_idoso,psiquiatria,usou,518,290,56.0
6,1o,31-50,N,solo,psiquiatria,nao_usou,10785,6532,60.6
6,1o,31-50,N,solo,psiquiatria,usou,1401,878,62.7
6,1o,31-50,S,com_ambos,psiquiatria,nao_usou,213,108,50.7
6,1o,31-50,S,com_crianca,psiquiatria,nao_usou,548,276,50.4
6,1o,31-50,S,com_crianca,psiquiatria,usou,51,30,58.8
6,1o,31-50,S,com_idoso,psiquiatria,nao_usou,350,191,54.6
6,1o,31-50,S,com_idoso,psiquiatria,usou,66,38,57.6
6,1o,31-50,S,solo,psiquiatria,nao_usou,1255,708,56.4
6,1o,31-50,S,solo,psiquiatria,usou,162,91,56.2
6,1o,51-70,N,com_ambos,psiquiatria,nao_usou,790,392,49.6
6,1o,51-70,N,com_ambos,psiquiatria,usou,73,31,42.5
6,1o,51-70,N,com_crianca,psiquiatria,nao_usou,1636,834,51.0
6,1o,51-70,N,com_crianca,psiquiatria,usou,149,83,55.7
6,1o,51-70,N,com_idoso,psiquiatria,nao_usou,3135,1548,49.4
6,1o,51-70,N,com_idoso,psiquiatria,usou,324,170,52.5
6,1o,51-70,N,solo,psiquiatria,nao_usou,7196,3902,54.2
6,1o,51-70,N,solo,psiquiatria,usou,596,343,57.6
6,1o,51-70,S,com_ambos,psiquiatria,nao_usou,216,92,42.6
6,1o,51-70,S,com_crianca,psiquiatria,nao_usou,456,223,48.9
6,1o,51-70,S,com_crianca,psiquiatria,usou,51,25,49.0
6,1o,51-70,S,com_idoso,psiquiatria,nao_usou,1106,503,45.5
6,1o,51-70,S,com_idoso,psiquiatria,usou,130,54,41.5
6,1o,51-70,S,solo,psiquiatria,nao_usou,2488,1299,52.2
6,1o,51-70,S,solo,psiquiatria,usou,220,123,55.9
6,1o,71+,N,com_ambos,psiquiatria,nao_usou,99,45,45.5
6,1o,71+,N,com_crianca,psiquiatria,nao_usou,163,78,47.9
6,1o,71+,N,com_idoso,psiquiatria,nao_usou,761,357,46.9
6,1o,71+,N,com_idoso,psiquiatria,usou,47,22,46.8
6,1o,71+,N,solo,psiquiatria,nao_usou,1486,762,51.3
6,1o,71+,N,solo,psiquiatria,usou,80,44,55.0
6,1o,71+,S,com_ambos,psiquiatria,nao_usou,38,14,36.8
6,1o,71+,S,com_crianca,psiquiatria,nao_usou,82,40,48.8
6,1o,71+,S,com_idoso,psiquiatria,nao_usou,352,171,48.6
6,1o,71+,S,com_idoso,psiquiatria,usou,32,19,59.4
6,1o,71+,S,solo,psiquiatria,nao_usou,766,391,51.0
6,1o,71+,S,solo,psiquiatria,usou,38,16,42.1
6,2o+,00-20,N,com_crianca,psiquiatria,nao_usou,51,23,45.1
6,2o+,00-20,N,com_idoso,psiquiatria,nao_usou,31,17,54.8
6,2o+,00-20,N,solo,psiquiatria,nao_usou,191,110,57.6
6,2o+,21-30,N,com_ambos,psiquiatria,nao_usou,245,94,38.4
6,2o+,21-30,N,com_crianca,psiquiatria,nao_usou,646,345,53.4
6,2o+,21-30,N,com_idoso,psiquiatria,nao_usou,730,331,45.3
6,2o+,21-30,N,solo,psiquiatria,nao_usou,2494,1315,52.7
6,2o+,21-30,S,com_crianca,psiquiatria,nao_usou,30,12,40.0
6,2o+,21-30,S,solo,psiquiatria,nao_usou,87,48,55.2
6,2o+,31-50,N,com_ambos,psiquiatria,nao_usou,1984,880,44.4
6,2o+,31-50,N,com_crianca,psiquiatria,nao_usou,3939,1892,48.0
6,2o+,31-50,N,com_idoso,psiquiatria,nao_usou,3263,1357,41.6
6,2o+,31-50,N,solo,psiquiatria,nao_usou,6634,3299,49.7
6,2o+,31-50,S,com_ambos,psiquiatria,nao_usou,285,109,38.2
6,2o+,31-50,S,com_crianca,psiquiatria,nao_usou,547,249,45.5
6,2o+,31-50,S,com_idoso,psiquiatria,nao_usou,510,180,35.3
6,2o+,31-50,S,solo,psiquiatria,nao_usou,957,451,47.1
6,2o+,51-70,N,com_ambos,psiquiatria,nao_usou,979,396,40.4
6,2o+,51-70,N,com_crianca,psiquiatria,nao_usou,1527,633,41.5
6,2o+,51-70,N,com_idoso,psiquiatria,nao_usou,3601,1434,39.8
6,2o+,51-70,N,solo,psiquiatria,nao_usou,5427,2532,46.7
6,2o+,51-70,S,com_ambos,psiquiatria,nao_usou,429,156,36.4
6,2o+,51-70,S,com_crianca,psiquiatria,nao_usou,587,221,37.6
6,2o+,51-70,S,com_idoso,psiquiatria,nao_usou,1723,625,36.3
6,2o+,51-70,S,solo,psiquiatria,nao_usou,2419,1043,43.1
6,2o+,71+,N,com_ambos,psiquiatria,nao_usou,138,51,37.0
6,2o+,71+,N,com_crianca,psiquiatria,nao_usou,178,84,47.2
6,2o+,71+,N,com_idoso,psiquiatria,nao_usou,913,377,41.3
6,2o+,71+,N,solo,psiquiatria,nao_usou,1141,501,43.9
6,2o+,71+,S,com_ambos,psiquiatria,nao_usou,106,39,36.8
6,2o+,71+,S,com_crianca,psiquiatria,nao_usou,98,43,43.9
6,2o+,71+,S,com_idoso,psiquiatria,nao_usou,553,186,33.6
6,2o+,71+,S,solo,psiquiatria,nao_usou,727,305,42.0